iteration,max return,median return,avg return,min return,std return,avg rollout len,num total samples,explained var,loss improvement V-fcnovement,loss after,KL(old_new),avg expl strat std,expl strat entropy,avg grad norm policy,avg grad norm V-fcn,avg lr
0,0.2802,0.1356,0.1463,0.0891,0.0603,800.0,29600,-25533.7734375,0.9556999802589417,1.5910999774932861,0.0015999999595806003,0.9068999886512756,1.3212000131607056,0.0752,0.0721,0.000873
1,0.3795,0.2467,0.2514,0.1571,0.0674,800.0,59200,-3440.565673828125,1.229599952697754,1.0396000146865845,0.0008999999845400453,0.9042999744415283,1.3184000253677368,0.0834,0.0554,0.000869
2,0.9918,0.1617,0.2596,0.1223,0.2591,800.0,88800,-79.50679779052734,0.6273999810218811,0.3643999993801117,0.0017000000225380063,0.9190999865531921,1.3345999717712402,0.0847,0.0353,0.000864
3,5.046,0.5039,1.0075,0.1854,1.4203,800.0,118400,-0.2354000061750412,0.09960000216960907,0.06599999964237213,0.0017000000225380063,0.8935999870300293,1.30649995803833,0.1012,0.057,0.00086
4,5.6481,0.2973,1.6368,0.152,2.0481,800.0,148000,0.7325000166893005,0.04259999841451645,0.01860000006854534,0.002199999988079071,0.9059000015258789,1.320099949836731,0.1152,0.0454,0.000856
5,33.4446,5.7555,8.7568,0.1631,8.6669,800.0,177600,0.2524999976158142,0.07370000332593918,1.2668999433517456,0.000699999975040555,0.9017999768257141,1.315600037574768,0.1163,0.2623,0.000852
6,94.6511,25.5505,40.8695,6.5706,32.5859,794.3947,207787,-0.0071000000461936,1.3494999408721924,27.084199905395508,0.0006000000284984708,0.8883000016212463,1.3004000186920166,0.1066,0.2526,0.000847
7,99.2673,59.1156,50.1532,6.3611,22.1578,775.8947,237271,-0.09369999915361404,1.3589999675750732,24.81570053100586,0.0007999999797903001,0.8708999752998352,1.2806999683380127,0.1398,0.2724,0.000843
8,120.0969,47.2479,46.7764,0.2097,27.9084,784.6053,267086,-0.03009999915957451,0.7526999711990356,22.681800842285156,0.0008999999845400453,0.8513000011444092,1.2578999996185303,0.1436,0.3708,0.000839
9,101.3306,37.4293,40.845,0.1858,29.0646,792.6842,297208,0.04670000076293945,0.6822999715805054,23.62969970703125,0.0006000000284984708,0.8377000093460083,1.2417999505996704,0.1143,0.4225,0.000835
10,114.2897,34.2886,41.0031,2.3336,28.5,788.4474,327169,0.05909999832510948,0.7149999737739563,23.284400939941406,0.0008999999845400453,0.8403000235557556,1.2448999881744385,0.1235,0.4287,0.000831
11,103.4442,50.1843,48.624,6.2715,22.5816,767.4615,357100,-0.0006000000284984708,0.7519000172615051,23.045900344848633,0.000699999975040555,0.8281000256538391,1.230299949645996,0.1485,0.4577,0.000826
12,121.1521,53.9925,49.6788,0.4068,29.4289,749.5385,386332,0.02370000071823597,0.9961000084877014,29.48349952697754,0.0005000000237487257,0.8144999742507935,1.2137000560760498,0.1486,0.4826,0.000822
13,149.4697,53.9866,56.1533,9.7737,29.8571,731.175,415579,-0.008899999782443047,1.1100000143051147,37.02159881591797,0.000699999975040555,0.8220999836921692,1.2230000495910645,0.1448,0.473,0.000818
14,181.9598,60.0108,63.3488,11.269,29.6404,709.3171,444661,-0.04390000179409981,1.8633999824523926,44.50490188598633,0.0006000000284984708,0.8216999769210815,1.222599983215332,0.1584,0.433,0.000814
15,98.6885,57.5282,57.222,2.5962,21.2959,711.4146,473829,0.01720000058412552,1.886299967765808,32.302398681640625,0.0006000000284984708,0.8140000104904175,1.2131999731063843,0.1619,0.4578,0.00081
16,109.1987,56.1601,52.9946,4.2861,19.3745,696.6744,503786,0.07169999927282333,1.7400000095367432,28.36829948425293,0.0006000000284984708,0.8027999997138977,1.1993000507354736,0.1632,0.4651,0.000806
17,98.6848,49.6512,49.2893,0.757,20.4104,694.5714,532958,0.12409999966621399,1.1110999584197998,24.78260040283203,0.0005000000237487257,0.7943999767303467,1.1886999607086182,0.1676,0.4845,0.000802
18,104.1482,52.5594,50.5892,1.9121,20.6835,653.5,561712,0.11309999972581863,1.3309999704360962,29.9783992767334,0.0006000000284984708,0.7825999855995178,1.173799991607666,0.1752,0.5877,0.000798
19,91.4427,48.096,53.2314,30.7094,14.1292,640.3696,591169,0.10199999809265137,1.6074999570846558,28.031099319458008,0.0005000000237487257,0.772599995136261,1.1608999967575073,0.1801,0.5337,0.000794
20,107.3141,48.6119,48.9431,10.9508,14.9376,655.4318,620008,0.19130000472068787,1.9013999700546265,22.175399780273438,0.0006000000284984708,0.7699000239372253,1.1574000120162964,0.2122,0.5732,0.00079
21,108.1657,47.9221,53.4931,28.7754,17.5206,638.1556,648725,0.16850000619888306,1.4427000284194946,25.126300811767578,0.0007999999797903001,0.7716000080108643,1.1597000360488892,0.1969,0.7263,0.000786
22,128.0785,50.6714,57.0296,10.1288,22.6706,582.7755,677281,0.13009999692440033,2.6229000091552734,33.68669891357422,0.00039999998989515007,0.7710000276565552,1.1589000225067139,0.1957,0.8003,0.000782
23,158.1953,49.0141,58.3282,35.9797,25.5233,574.02,705982,0.14100000262260437,2.5553998947143555,34.564300537109375,0.0008999999845400453,0.7631000280380249,1.1485999822616577,0.187,0.854,0.000778
24,124.8435,48.627,54.1668,27.6559,21.2761,563.66,734165,0.21529999375343323,2.0144999027252197,23.622800827026367,0.00039999998989515007,0.7559999823570251,1.139299988746643,0.2224,1.1109,0.000774
25,135.5056,49.9722,55.333,35.4391,19.7124,540.1321,762792,0.21089999377727509,2.023699998855591,24.607200622558594,0.0007999999797903001,0.7631999850273132,1.1486999988555908,0.2322,1.168,0.000771
26,200.0318,49.7991,58.4964,31.2846,27.9101,535.566,791177,0.20260000228881836,2.500200033187866,31.588300704956055,0.0006000000284984708,0.7590000033378601,1.1432000398635864,0.2211,1.2398,0.000767
27,108.2444,50.948,56.134,29.4468,18.4672,521.5273,819861,0.2565999925136566,2.121500015258789,25.531600952148438,0.0007999999797903001,0.7502999901771545,1.131700038909912,0.249,1.3598,0.000763
28,153.2377,59.7318,69.3378,31.6792,30.2808,504.5455,847611,0.1251000016927719,3.161900043487549,41.312599182128906,0.000699999975040555,0.7394999861717224,1.1172000169754028,0.2355,1.546,0.000759
29,229.9581,60.6627,78.0116,33.0653,46.6259,511.7593,875246,0.07769999653100967,3.4932000637054443,54.844600677490234,0.0006000000284984708,0.7360000014305115,1.1124000549316406,0.2433,1.5488,0.000755
30,283.2406,59.2579,74.8711,25.1332,46.2033,481.386,902685,0.10750000178813934,3.395900011062622,63.78850173950195,0.0005000000237487257,0.7315999865531921,1.1064000129699707,0.2159,1.5614,0.000751
31,196.9025,65.0012,71.3356,26.9067,34.7328,475.7931,930281,0.15469999611377716,2.803999900817871,50.844200134277344,0.00039999998989515007,0.7299000024795532,1.104099988937378,0.2278,1.9517,0.000748
32,325.5149,60.7966,71.3209,29.6174,42.8646,465.5424,957748,0.164900004863739,2.6823999881744385,49.75630187988281,0.000699999975040555,0.7369999885559082,1.113800048828125,0.236,2.0656,0.000744
33,213.518,62.1858,75.5071,37.1681,37.206,451.3667,984830,0.14110000431537628,4.430600166320801,52.74079895019531,0.000699999975040555,0.7357000112533569,1.1119999885559082,0.2399,1.6,0.00074
34,207.9268,61.3848,73.4012,30.0174,38.0095,444.2097,1012371,0.18889999389648438,3.694000005722046,46.807498931884766,0.0007999999797903001,0.7268999814987183,1.100000023841858,0.2693,1.8684,0.000737
35,146.433,51.2018,57.7218,38.4581,18.3454,381.3099,1039444,0.30550000071525574,2.8984999656677246,32.17300033569336,0.0010999999940395355,0.722000002861023,1.0931999683380127,0.2727,1.466,0.000733
36,319.5852,51.3657,68.6771,34.6578,46.4464,404.0299,1066514,0.21369999647140503,2.7499001026153564,53.024898529052734,0.0012000000569969416,0.71670001745224,1.0858999490737915,0.2586,1.8006,0.000729
37,237.1383,56.3527,69.8199,34.2909,41.5557,396.6471,1093486,0.22089999914169312,3.63100004196167,55.130001068115234,0.000699999975040555,0.7057999968528748,1.0705000162124634,0.2646,1.929,0.000726
38,200.1334,51.8767,63.1388,27.5677,32.451,388.9857,1120715,0.30160000920295715,2.026599884033203,39.87860107421875,0.0020000000949949026,0.7010999917984009,1.0637999773025513,0.287,2.0523,0.000722
39,246.7905,54.3524,64.8579,39.4304,35.016,389.4348,1147586,0.31130000948905945,2.4511001110076904,39.893798828125,0.0005000000237487257,0.6948999762535095,1.054900050163269,0.2914,2.2776,0.000718
40,163.7844,56.2588,65.9912,41.604,26.4468,386.9571,1174673,0.3303000032901764,2.8289999961853027,39.59410095214844,0.0010999999940395355,0.703000009059906,1.06659996509552,0.3228,2.6644,0.000715
41,162.3305,54.7305,66.4264,28.7117,27.2959,397.8955,1201332,0.36550000309944153,2.071500062942505,37.48500061035156,0.000699999975040555,0.7013999819755554,1.0642999410629272,0.2918,3.1253,0.000711
42,242.1821,52.7641,65.802,40.6475,35.0748,393.1618,1228067,0.39239999651908875,2.071000099182129,35.529998779296875,0.0020000000949949026,0.7041000127792358,1.0680999755859375,0.3218,2.78,0.000708
43,134.0077,55.0623,60.7109,44.1253,19.8491,387.8143,1255214,0.49480000138282776,1.6038999557495117,22.695100784301758,0.0005000000237487257,0.6963000297546387,1.0569000244140625,0.3833,3.3608,0.000704
44,190.5182,53.5795,61.76,40.5142,24.4576,386.4714,1282267,0.4697999954223633,1.5317000150680542,26.274999618530273,0.0008999999845400453,0.6995999813079834,1.0615999698638916,0.3788,3.6995,0.000701
45,196.9288,57.3104,63.5031,34.6395,23.8519,386.7143,1309337,0.475600004196167,1.833899974822998,28.628400802612305,0.0007999999797903001,0.7009000182151794,1.0635000467300415,0.3443,4.3903,0.000697
46,123.5446,51.1526,56.6306,43.3209,15.476,373.2917,1336214,0.5827999711036682,1.1855000257492065,16.948999404907227,0.000699999975040555,0.6970999836921692,1.0580999851226807,0.3898,4.6522,0.000694
47,175.6276,49.1964,54.1767,43.0713,18.1804,367.6027,1363049,0.6176000237464905,0.7821999788284302,13.615599632263184,0.000699999975040555,0.689300000667572,1.0468000173568726,0.4368,4.2663,0.00069
48,72.0328,48.3079,50.2026,42.5196,5.9533,357.0533,1389828,0.7208999991416931,0.5863000154495239,8.001899719238281,0.0010000000474974513,0.6855999827384949,1.0414999723434448,0.5025,3.6667,0.000687
49,96.1358,48.8893,52.151,42.2347,9.7865,357.96,1416675,0.6862999796867371,0.7674999833106995,9.75059986114502,0.0006000000284984708,0.6776999831199646,1.0298999547958374,0.4703,5.1801,0.000683
50,104.7241,50.8318,55.8009,36.2972,12.6055,363.0676,1443542,0.645799994468689,0.7659000158309937,11.128199577331543,0.0020000000949949026,0.6712999939918518,1.020300030708313,0.4497,5.4935,0.00068
51,124.6289,48.5973,55.3482,42.1706,16.7738,354.7763,1470505,0.5945000052452087,0.809499979019165,12.756099700927734,0.00139999995008111,0.6657000184059143,1.0119999647140503,0.436,6.3753,0.000677
52,192.686,67.1527,79.2964,39.26,35.5856,379.1408,1497424,0.2531000077724457,2.387500047683716,50.12049865722656,0.0013000000035390258,0.6654000282287598,1.0116000175476074,0.364,7.3783,0.000673
53,197.0789,74.9075,80.2979,44.656,30.7411,374.6389,1524398,0.24799999594688416,2.3582000732421875,47.90140151977539,0.0006000000284984708,0.6581000089645386,1.000499963760376,0.3668,8.2557,0.00067
54,190.1879,60.8942,78.4276,43.1673,38.5658,379.831,1551366,0.30090001225471497,1.9990999698638916,46.325599670410156,0.000699999975040555,0.6581000089645386,1.000599980354309,0.3823,5.1349,0.000666
55,140.042,67.0229,75.1078,43.8588,27.7926,379.1268,1578284,0.38019999861717224,1.6088000535964966,32.3843994140625,0.0012000000569969416,0.6577000021934509,1.0,0.4097,6.6587,0.000663
56,233.1191,80.3318,90.9349,46.434,43.2602,391.6087,1605305,0.23280000686645508,3.3262999057769775,60.91590118408203,0.000699999975040555,0.6572999954223633,0.9994000196456909,0.454,5.8396,0.00066
57,200.8437,89.9649,97.3308,45.9893,35.0982,400.8507,1632162,0.20829999446868896,3.308300018310547,60.65530014038086,0.0010999999940395355,0.6574000120162964,0.9994000196456909,0.4329,3.4883,0.000657
58,183.4862,87.3753,94.3208,47.9655,31.5315,394.5588,1658992,0.2506999969482422,2.8642001152038574,52.282798767089844,0.0010000000474974513,0.6517000198364258,0.9908000230789185,0.416,5.2202,0.000653
59,216.6887,97.9373,104.5675,49.6763,33.0298,403.4328,1686022,0.1915999948978424,4.330599784851074,65.65480041503906,0.0005000000237487257,0.6503999829292297,0.9886999726295471,0.4768,3.8292,0.00065
60,248.6486,104.9054,112.5977,49.9415,39.5483,410.803,1713135,0.16050000488758087,4.15939998626709,80.15299987792969,0.0010999999940395355,0.6506999731063843,0.989300012588501,0.4256,4.1327,0.000647
61,214.2146,108.5556,118.0913,54.3908,37.328,414.6615,1740088,0.14990000426769257,5.941999912261963,84.66899871826172,0.0008999999845400453,0.6424999833106995,0.9764999747276306,0.4422,4.1256,0.000644
62,273.4804,113.6033,127.2403,61.936,49.2018,421.7538,1767502,0.13989999890327454,8.838199615478516,101.94539642333984,0.0005000000237487257,0.6392999887466431,0.9715999960899353,0.4388,2.4011,0.00064
63,295.9117,116.0605,129.6112,65.0017,52.1035,425.9375,1794762,0.16619999706745148,6.80679988861084,99.38420104980469,0.0006000000284984708,0.6381000280380249,0.9696000218391418,0.4572,2.8558,0.000637
64,298.9815,156.9949,145.7826,57.5331,51.6985,448.9344,1822147,0.12759999930858612,5.8831000328063965,116.3125991821289,0.0006000000284984708,0.6338000297546387,0.9629999995231628,0.4311,3.951,0.000634
65,292.5176,124.626,137.3318,66.3862,56.8763,434.4127,1849515,0.1899999976158142,6.858799934387207,103.89820098876953,0.0008999999845400453,0.6326000094413757,0.9610999822616577,0.4582,4.1181,0.000631
66,378.8362,98.7306,134.2956,66.0665,68.5814,427.3281,1876864,0.22030000388622284,6.32390022277832,107.96179962158203,0.0010999999940395355,0.6340000033378601,0.9631999731063843,0.4762,3.6959,0.000628
67,308.3448,132.4,144.5584,67.1727,61.507,447.9032,1904634,0.22450000047683716,6.083700180053711,105.7854995727539,0.0006000000284984708,0.6284999847412109,0.9545000195503235,0.4561,4.1848,0.000625
68,303.2661,128.3865,146.9035,67.4465,58.6863,451.3443,1932166,0.23549999296665192,4.543600082397461,102.86100006103516,0.0010000000474974513,0.6266000270843506,0.9514999985694885,0.4615,6.1155,0.000621
69,291.7746,163.0708,160.329,66.1192,60.4965,467.9153,1959773,0.20759999752044678,6.514200210571289,116.86669921875,0.0005000000237487257,0.6226000189781189,0.9451000094413757,0.4858,4.6931,0.000618
70,267.0147,172.0306,169.8458,73.7037,50.5418,483.069,1987791,0.20489999651908875,6.6331000328063965,117.91280364990234,0.0006000000284984708,0.6202999949455261,0.9413999915122986,0.4652,6.152,0.000615
71,289.9478,133.3675,142.0579,69.6596,58.5227,444.0645,2015323,0.32330000400543213,4.101900100708008,88.53410339355469,0.0005000000237487257,0.6190999746322632,0.9394000172615051,0.4797,5.2064,0.000612
72,270.6694,162.715,162.6174,69.8937,57.5513,475.7069,2042914,0.27730000019073486,4.6793999671936035,103.93679809570312,0.0013000000035390258,0.6129999756813049,0.9296000003814697,0.4571,5.3481,0.000609
73,314.2601,200.8022,195.9579,72.9473,57.681,514.5091,2071212,0.18170000612735748,7.28000020980835,140.59170532226562,0.0008999999845400453,0.6039000153541565,0.9146999716758728,0.4639,6.814,0.000606
74,375.9195,177.4691,179.2293,71.7006,85.9652,486.7931,2099446,0.23759999871253967,5.59060001373291,133.85060119628906,0.0007999999797903001,0.5976999998092651,0.90420001745224,0.4494,5.0323,0.000603
75,306.0702,160.224,167.0322,72.6666,72.5649,474.3559,2127433,0.29989999532699585,4.71150016784668,112.07050323486328,0.0012000000569969416,0.5895000100135803,0.8903999924659729,0.4737,4.6691,0.0006
76,335.4909,220.6671,195.0428,77.1741,87.0149,509.6909,2155466,0.23340000212192535,6.19350004196167,141.70159912109375,0.0012000000569969416,0.5867999792098999,0.8858000040054321,0.5358,6.95,0.000597
77,369.1843,219.1309,201.5521,71.6562,97.0621,520.4074,2183568,0.2410999983549118,6.274899959564209,145.1614990234375,0.001500000013038516,0.5900999903678894,0.8914999961853027,0.4547,6.3505,0.000594
78,388.5552,276.6,250.1101,89.7769,86.7779,590.2292,2211899,0.15790000557899475,8.6943998336792,175.21969604492188,0.0010999999940395355,0.5873000025749207,0.8866999745368958,0.546,4.0129,0.000591
79,425.3142,268.3894,258.6206,83.5832,89.0145,602.5833,2240823,0.16689999401569366,8.1628999710083,174.2487030029297,0.000699999975040555,0.58160001039505,0.8769999742507935,0.4868,4.1814,0.000588
80,439.1657,283.3245,280.1916,83.6642,104.9203,623.2391,2269492,0.13050000369548798,8.67039966583252,196.7454071044922,0.0010000000474974513,0.5863999724388123,0.885200023651123,0.5002,5.7726,0.000585
81,441.1565,283.6872,273.7125,72.6473,108.451,620.9565,2298056,0.1770000010728836,7.288700103759766,176.5435028076172,0.0007999999797903001,0.5795000195503235,0.8733000159263611,0.4916,4.8344,0.000582
82,551.3316,358.991,350.2002,88.9515,112.738,699.1667,2327421,0.01140000019222498,9.851300239562988,240.88600158691406,0.0008999999845400453,0.5799000263214111,0.8741000294685364,0.4865,8.4736,0.000579
83,539.977,369.386,350.2201,83.6849,122.7846,693.3488,2357235,0.02930000051856041,10.086099624633789,241.8372039794922,0.0005000000237487257,0.5759999752044678,0.8672999739646912,0.4864,8.2038,0.000576
84,506.6446,359.2056,342.0159,94.8178,108.8606,696.5,2386488,0.08959999680519104,8.726699829101562,216.4272003173828,0.0012000000569969416,0.5825999975204468,0.8787000179290771,0.4991,10.7753,0.000574
85,540.618,392.5263,369.4967,98.0707,113.9338,718.6098,2415951,0.030400000512599945,7.5457000732421875,234.6602020263672,0.0010000000474974513,0.5873000025749207,0.8867999911308289,0.4906,9.6106,0.000571
86,540.038,415.2747,393.7618,106.8425,105.8235,737.4146,2446185,-0.02280000038444996,9.3858003616333,242.36700439453125,0.0007999999797903001,0.5870000123977661,0.8862000107765198,0.5041,8.7762,0.000568
87,563.508,465.09,432.3209,106.4471,123.3637,754.1026,2475595,-0.20020000636577606,3.8664000034332275,266.6549987792969,0.000699999975040555,0.5884000062942505,0.888700008392334,0.4593,8.4912,0.000565
88,564.7393,529.0183,498.98,137.8027,83.538,786.9474,2505499,-0.5777999758720398,4.261499881744385,325.67919921875,0.0005000000237487257,0.5843999981880188,0.8817999958992004,0.4374,5.6298,0.000562
89,584.9578,560.4993,534.3907,319.322,63.6439,794.8947,2535705,-0.8306999802589417,5.308800220489502,376.3346862792969,0.0006000000284984708,0.5788000226020813,0.8722000122070312,0.4269,4.614,0.000559
90,575.8116,554.9821,529.5124,104.7375,84.7858,787.0789,2565614,-0.8891000151634216,4.490200042724609,363.13409423828125,0.0007999999797903001,0.5766000151634216,0.868399977684021,0.4278,5.3103,0.000557
91,589.6193,566.5473,559.8187,454.3294,24.3473,800.0,2595214,-1.1282999515533447,6.250999927520752,397.77630615234375,0.0005000000237487257,0.5741999745368958,0.8641999959945679,0.4353,5.9044,0.000554
92,593.5876,575.4596,562.1838,123.6974,72.8435,790.6579,2625259,-1.1402000188827515,4.6666998863220215,422.1697998046875,0.00019999999494757503,0.5745999813079834,0.864799976348877,0.4234,6.2459,0.000551
93,593.7427,577.1533,551.079,93.8574,102.0323,780.2105,2654907,-1.0599000453948975,5.379799842834473,413.81561279296875,0.0006000000284984708,0.5730000138282776,0.8619999885559082,0.4315,6.694,0.000548
94,604.4562,582.1217,567.9106,100.2746,77.7982,789.3947,2684904,-1.1224000453948975,5.143400192260742,437.49468994140625,0.0015999999595806003,0.5715000033378601,0.8593999743461609,0.4243,6.4028,0.000546
95,613.9701,594.9238,581.0365,98.0785,79.9014,789.1053,2714890,-1.2238999605178833,4.9045000076293945,467.3789978027344,0.00019999999494757503,0.5734999775886536,0.8629000186920166,0.4367,6.0359,0.000543
96,611.4143,592.6876,566.643,100.5595,108.9006,779.0769,2745274,-1.1044000387191772,4.986700057983398,452.0920104980469,0.00039999998989515007,0.5782999992370605,0.8712999820709229,0.406,6.1283,0.00054
97,613.4988,595.1808,581.7011,79.6745,83.23,790.0263,2775295,-1.2137000560760498,4.827899932861328,458.8096008300781,0.00019999999494757503,0.5776000022888184,0.8701000213623047,0.4556,6.5531,0.000537
98,614.2458,593.0643,590.1723,565.4489,11.6779,800.0,2804895,-1.2802000045776367,5.019000053405762,449.79779052734375,0.0005000000237487257,0.5752999782562256,0.866100013256073,0.4413,6.66,0.000535
99,607.2507,584.2653,583.5181,560.8509,10.6075,800.0,2834495,-1.2178000211715698,5.0355000495910645,428.96099853515625,0.0005000000237487257,0.5756000280380249,0.866599977016449,0.4448,6.279,0.000532
100,594.2567,582.7511,581.0606,548.5919,9.4134,800.0,2864095,-1.187000036239624,5.539000034332275,419.2882995605469,0.0003000000142492354,0.5734000205993652,0.8628000020980835,0.4261,6.7095,0.000529
101,596.1695,575.6945,574.6817,549.9226,11.1789,800.0,2893695,-1.1579999923706055,4.567599773406982,395.1231994628906,0.0007999999797903001,0.5726000070571899,0.8614000082015991,0.4424,6.0112,0.000527
102,593.3961,566.8534,565.7296,537.9494,12.0864,800.0,2923295,-1.072100043296814,4.53249979019165,370.86138916015625,0.00019999999494757503,0.574400007724762,0.8644999861717224,0.4417,5.7944,0.000524
103,585.6993,559.2899,557.972,532.6361,13.2467,800.0,2952895,-0.9830999970436096,4.517000198364258,352.4393005371094,0.0003000000142492354,0.5699999928474426,0.8568000197410583,0.4483,6.4976,0.000522
104,588.5563,566.578,567.3843,540.3308,11.9987,800.0,2982495,-1.037600040435791,4.6722002029418945,371.6326904296875,0.00019999999494757503,0.5719000101089478,0.8601999878883362,0.466,6.4756,0.000519
105,587.8777,572.1833,568.2631,541.1511,12.2323,800.0,3012095,-1.0121999979019165,4.810699939727783,373.45208740234375,0.000699999975040555,0.569100022315979,0.8551999926567078,0.4761,6.2775,0.000516
106,592.516,578.327,577.0816,554.455,7.8757,800.0,3041695,-1.0810999870300293,4.2729997634887695,389.29901123046875,0.0008999999845400453,0.5669999718666077,0.8514999747276306,0.4484,6.9301,0.000514
107,584.5979,564.4044,564.5891,540.7004,10.717,800.0,3071295,-0.9765999913215637,4.026000022888184,356.5166015625,0.00139999995008111,0.567300021648407,0.8521000146865845,0.4468,5.8346,0.000511
108,591.7728,576.2569,574.8975,549.9076,10.5815,800.0,3100895,-1.0074000358581543,4.218900203704834,383.5567932128906,0.0010000000474974513,0.5699999928474426,0.8567000031471252,0.4685,7.0391,0.000509
109,593.2592,569.2412,544.5473,64.0922,113.6614,778.7105,3130486,-0.7526000142097473,4.262499809265137,365.1665954589844,0.0007999999797903001,0.5666999816894531,0.8510000109672546,0.45,6.185,0.000506
110,599.3943,574.6066,575.6822,549.7247,10.8231,800.0,3160086,-0.9498999714851379,4.586100101470947,385.36370849609375,0.0019000000320374966,0.5637999773025513,0.8458999991416931,0.4493,6.8047,0.000504
111,601.6882,586.6685,585.3152,568.1663,9.5037,800.0,3189686,-0.9837999939918518,4.310200214385986,410.23779296875,0.0008999999845400453,0.5652999877929688,0.8485999703407288,0.4618,6.3504,0.000501
112,609.8663,590.763,592.0238,576.3365,10.1943,800.0,3219286,-1.0755000114440918,4.261199951171875,416.3865966796875,0.0007999999797903001,0.5687000155448914,0.8544999957084656,0.4497,7.1451,0.000499
113,606.3256,585.4157,584.945,568.2207,9.5964,800.0,3248886,-0.9922999739646912,4.874800205230713,398.9543151855469,0.0012000000569969416,0.5672000050544739,0.8518999814987183,0.4183,7.4223,0.000496
114,597.0312,580.6872,579.2831,565.4279,8.3987,800.0,3278486,-0.9402999877929688,4.235499858856201,381.70770263671875,0.00039999998989515007,0.5680999755859375,0.8535000085830688,0.453,7.4142,0.000494
115,599.6096,581.7171,580.2012,523.1968,11.8793,800.0,3308086,-0.9178000092506409,4.857999801635742,383.6672058105469,0.0006000000284984708,0.5720000267028809,0.8601999878883362,0.4375,6.2255,0.000491
116,593.1247,581.482,580.0719,562.0654,7.8272,800.0,3337686,-0.925599992275238,4.025599956512451,376.47509765625,0.0006000000284984708,0.5748999714851379,0.8652999997138977,0.4628,5.6936,0.000489
117,596.6911,584.7575,583.9573,566.2556,7.0795,800.0,3367286,-0.9287999868392944,4.51230001449585,385.4833984375,0.00039999998989515007,0.5774000287055969,0.869700014591217,0.4457,6.8372,0.000486
118,608.7545,590.4304,591.5898,580.4878,6.2362,800.0,3396886,-0.9855999946594238,4.781400203704834,399.3505859375,0.0005000000237487257,0.573199987411499,0.8623999953269958,0.4462,7.4236,0.000484
119,601.9919,587.2867,562.1869,116.3803,105.7402,783.4211,3426656,-0.7178999781608582,4.889100074768066,378.9031066894531,0.00019999999494757503,0.574999988079071,0.8655999898910522,0.4536,6.7177,0.000481
120,605.3383,586.9351,560.6496,74.5976,113.4878,781.0263,3456335,-0.7046999931335449,4.113500118255615,376.3431091308594,0.0010000000474974513,0.5753999948501587,0.8662999868392944,0.4647,6.1934,0.000479
121,593.8636,578.7362,577.9816,552.9264,11.0522,800.0,3485935,-0.8240000009536743,3.9305999279022217,363.1639099121094,0.0003000000142492354,0.5764999985694885,0.8680999875068665,0.4363,4.9585,0.000477
122,593.229,581.3185,578.2737,537.4429,12.5671,800.0,3515535,-0.824400007724762,4.342800140380859,359.3927917480469,0.00039999998989515007,0.5745000243186951,0.8647000193595886,0.4424,7.0582,0.000474
123,600.3631,583.1799,583.4618,549.7434,11.8468,800.0,3545135,-0.866100013256073,4.410799980163574,366.206787109375,0.0010999999940395355,0.574400007724762,0.8644999861717224,0.4382,7.97,0.000472
124,607.8074,593.3437,592.8427,572.7693,7.6815,800.0,3574735,-0.9172999858856201,4.402500152587891,386.6011962890625,0.00039999998989515007,0.5746999979019165,0.8651000261306763,0.4406,8.0409,0.00047
125,606.6558,593.8033,592.5792,563.023,9.2137,800.0,3604335,-0.8964999914169312,4.405600070953369,384.283203125,0.0007999999797903001,0.5738999843597412,0.8636000156402588,0.4371,7.3307,0.000467
126,599.8758,592.5064,589.3328,572.493,7.7183,800.0,3633935,-0.8621000051498413,4.388999938964844,373.59759521484375,0.0003000000142492354,0.5716999769210815,0.8598999977111816,0.4557,8.1524,0.000465
127,602.6566,588.5267,588.3487,574.7719,7.6518,800.0,3663535,-0.8328999876976013,4.4695000648498535,369.8561096191406,0.00019999999494757503,0.569599986076355,0.8561000227928162,0.4602,8.0412,0.000463
128,609.4528,590.4419,589.5009,567.7078,9.7712,800.0,3693135,-0.8319000005722046,4.245800018310547,369.61480712890625,0.000699999975040555,0.5702000260353088,0.857200026512146,0.44,7.9357,0.00046
129,608.2215,592.8399,592.4472,568.3717,9.0863,800.0,3722735,-0.8181999921798706,4.01669979095459,378.39801025390625,0.0003000000142492354,0.5716000199317932,0.8596000075340271,0.4228,7.4832,0.000458
130,606.9368,593.8851,592.8127,571.3505,7.577,800.0,3752335,-0.8210999965667725,4.017399787902832,374.20208740234375,0.0003000000142492354,0.5712000131607056,0.8589000105857849,0.4402,7.0893,0.000456
131,607.5883,592.1972,591.3711,574.673,9.5057,800.0,3781935,-0.784500002861023,4.291800022125244,371.2650146484375,0.00039999998989515007,0.5723000168800354,0.86080002784729,0.4287,8.453,0.000453
132,601.717,585.6637,586.1583,564.6356,7.6906,800.0,3811535,-0.7113000154495239,4.060999870300293,361.1487121582031,0.00019999999494757503,0.574999988079071,0.8655999898910522,0.4406,6.6683,0.000451
133,596.9891,583.6325,582.6646,558.5035,8.8514,800.0,3841135,-0.6560999751091003,4.080100059509277,355.0151062011719,0.00039999998989515007,0.5756000280380249,0.866599977016449,0.4282,8.45,0.000449
134,603.9192,588.7136,587.3234,573.0773,7.2685,800.0,3870735,-0.6898000240325928,4.26039981842041,360.51019287109375,0.0005000000237487257,0.5777000188827515,0.8702999949455261,0.4382,8.5738,0.000447
135,609.2952,594.6218,595.8327,582.4113,6.1605,800.0,3900335,-0.7505000233650208,4.135700225830078,375.0361022949219,0.000699999975040555,0.5778999924659729,0.8705999851226807,0.4075,8.5881,0.000444
136,612.8009,599.2413,598.4708,579.7913,7.4425,800.0,3929935,-0.7426000237464905,4.226799964904785,381.7500915527344,0.0006000000284984708,0.578499972820282,0.8716999888420105,0.4264,8.2708,0.000442
137,610.7041,600.481,598.401,568.922,9.89,800.0,3959535,-0.7565000057220459,4.311800003051758,374.1383056640625,0.0003000000142492354,0.574999988079071,0.8655999898910522,0.4187,8.5366,0.00044
138,611.1984,601.3936,599.1459,582.6411,8.0339,800.0,3989135,-0.7421000003814697,4.0320000648498535,374.8320007324219,0.00139999995008111,0.5734000205993652,0.8628000020980835,0.4285,8.9851,0.000438
139,613.6439,605.1375,604.5017,591.8272,5.6868,800.0,4018735,-0.779699981212616,4.406099796295166,382.8323974609375,0.0003000000142492354,0.5781999826431274,0.8712000250816345,0.3986,8.7442,0.000436
140,615.8056,605.8087,604.1578,586.7969,6.3018,800.0,4048335,-0.7563999891281128,4.381199836730957,381.20660400390625,0.00039999998989515007,0.5763999819755554,0.8679999709129333,0.4186,8.9497,0.000433
141,612.4649,602.4983,601.7159,580.048,6.9628,800.0,4077935,-0.722000002861023,4.256100177764893,373.8746032714844,0.00019999999494757503,0.5788000226020813,0.8720999956130981,0.4212,8.9323,0.000431
142,609.4423,598.0818,597.8406,586.1934,5.9003,800.0,4107535,-0.6618000268936157,4.36359977722168,366.8843994140625,0.0005000000237487257,0.5795999765396118,0.8736000061035156,0.4187,9.1978,0.000429
143,611.3354,601.396,600.5921,573.6675,8.2437,800.0,4137135,-0.6718999743461609,4.1682000160217285,369.9696960449219,0.00139999995008111,0.5819000005722046,0.8773999810218811,0.4132,9.1439,0.000427
144,603.3646,592.2035,591.9394,573.978,5.9636,800.0,4166735,-0.5817000269889832,4.100800037384033,352.8092041015625,0.00019999999494757503,0.5810999870300293,0.8761000037193298,0.4189,9.2609,0.000425
145,603.7214,592.1699,592.1704,576.2813,6.537,800.0,4196335,-0.5831999778747559,3.892199993133545,348.00579833984375,0.0003000000142492354,0.5813000202178955,0.8765000104904175,0.4006,8.9685,0.000423
146,604.5605,592.4735,592.3777,574.8552,6.1314,800.0,4225935,-0.5737000107765198,4.103700160980225,346.2283935546875,0.000699999975040555,0.5776000022888184,0.8700000047683716,0.4041,9.4217,0.000421
147,608.3368,597.0624,596.4397,567.5219,7.1509,800.0,4255535,-0.5932999849319458,4.063499927520752,352.2525939941406,0.00039999998989515007,0.5760999917984009,0.8675000071525574,0.4238,8.9517,0.000419
148,608.5265,599.0616,598.2941,580.8772,5.1702,800.0,4285135,-0.598800003528595,4.089600086212158,353.00799560546875,0.0006000000284984708,0.5785999894142151,0.8718000054359436,0.4183,9.447,0.000416
149,608.5479,599.9674,586.7721,116.1677,78.6148,792.1622,4314445,-0.5127999782562256,4.0665998458862305,348.27520751953125,0.00019999999494757503,0.5774999856948853,0.8697999715805054,0.4033,6.2723,0.000414
150,608.4131,601.97,600.5983,588.9582,5.1582,800.0,4344045,-0.5909000039100647,4.119200229644775,354.1377868652344,0.00039999998989515007,0.5748999714851379,0.8652999997138977,0.4197,9.4756,0.000412
151,612.0363,601.3723,601.0759,588.9818,5.3706,800.0,4373645,-0.5925999879837036,3.936300039291382,350.5945129394531,0.000699999975040555,0.5722000002861023,0.8605999946594238,0.4211,9.6175,0.00041
152,612.0269,603.4337,603.001,592.3376,4.8272,800.0,4403245,-0.5914000272750854,4.1483001708984375,353.3583984375,9.999999747378752e-05,0.570900022983551,0.8583999872207642,0.4121,9.4259,0.000408
153,610.2242,602.9325,601.9696,592.5926,4.4475,800.0,4432845,-0.5733000040054321,3.7723000049591064,348.5870056152344,0.0008999999845400453,0.5699999928474426,0.8568999767303467,0.4232,9.4768,0.000406
154,614.9187,603.4801,602.3946,595.3304,4.1559,800.0,4462445,-0.5551000237464905,3.872299909591675,349.9645080566406,0.0003000000142492354,0.5688999891281128,0.8550000190734863,0.4045,10.0037,0.000404
155,616.0047,603.6944,604.225,594.4754,4.9796,800.0,4492045,-0.5690000057220459,4.008900165557861,348.9252014160156,0.0003000000142492354,0.5692999958992004,0.8557000160217285,0.4184,9.6975,0.000402
156,613.5357,602.9564,603.5815,592.8931,5.6378,800.0,4521645,-0.548799991607666,3.9070000648498535,346.3031005859375,0.0006000000284984708,0.5705000162124634,0.857699990272522,0.3984,9.6041,0.0004
157,611.758,603.228,603.5417,590.7152,4.7555,800.0,4551245,-0.5461000204086304,3.9500999450683594,341.9851989746094,0.00019999999494757503,0.5708000063896179,0.8582000136375427,0.4325,10.0033,0.000398
158,612.0178,603.2079,603.2974,593.8994,4.4357,800.0,4580845,-0.5403000116348267,3.7857000827789307,337.91400146484375,0.0003000000142492354,0.5708000063896179,0.8582000136375427,0.4334,9.9039,0.000396
159,616.7197,605.0463,604.6678,589.2295,5.8792,800.0,4610445,-0.5428000092506409,3.8759000301361084,337.543212890625,0.0007999999797903001,0.5709999799728394,0.8585000038146973,0.4164,10.0363,0.000394
160,613.7245,603.6577,603.415,588.4666,5.5172,800.0,4640045,-0.5210000276565552,3.865600109100342,333.27349853515625,0.00019999999494757503,0.5740000009536743,0.8637999892234802,0.3892,10.2154,0.000392
161,613.7788,603.4719,603.5347,590.8586,5.9221,800.0,4669645,-0.5091999769210815,3.684799909591675,331.8478088378906,0.00019999999494757503,0.5770000219345093,0.8689000010490417,0.4242,10.1626,0.00039
162,611.5675,603.0055,603.4057,595.8956,4.1746,800.0,4699245,-0.5034999847412109,3.729599952697754,328.4281005859375,0.00019999999494757503,0.5752000212669373,0.8659999966621399,0.4059,10.0144,0.000388
163,612.1857,603.118,602.7258,586.3744,5.8494,800.0,4728845,-0.4814999997615814,3.606300115585327,326.4613952636719,0.0003000000142492354,0.576200008392334,0.8676000237464905,0.3972,10.2576,0.000386
164,610.8861,601.1315,601.4257,588.5771,5.8138,800.0,4758445,-0.46219998598098755,3.583899974822998,321.7738952636719,0.00039999998989515007,0.576200008392334,0.8676999807357788,0.3924,10.2084,0.000384
165,613.0875,605.8019,605.3414,593.994,5.0346,800.0,4788045,-0.498199999332428,3.803299903869629,323.2965087890625,0.0008999999845400453,0.5741000175476074,0.8639000058174133,0.401,10.567,0.000382
166,612.8105,604.7581,604.7809,596.0983,4.1484,800.0,4817645,-0.4887999892234802,3.7844998836517334,318.4289855957031,0.0003000000142492354,0.5795000195503235,0.8733999729156494,0.3943,10.5114,0.000381
167,612.7849,604.6256,604.3358,585.1379,4.9871,800.0,4847245,-0.4812999963760376,3.672499895095825,314.05279541015625,0.0010000000474974513,0.5845999717712402,0.8822000026702881,0.3996,10.6172,0.000379
168,616.1356,605.6765,605.2894,594.9043,4.7979,800.0,4876845,-0.46810001134872437,3.729599952697754,315.9931945800781,0.0005000000237487257,0.583899974822998,0.8809000253677368,0.3923,10.6558,0.000377
169,612.5191,606.9909,605.9974,597.9729,3.9593,800.0,4906445,-0.46129998564720154,3.7204999923706055,315.4342041015625,0.0005000000237487257,0.5884000062942505,0.8885999917984009,0.3956,10.5574,0.000375
170,614.819,606.2869,605.0185,592.8431,5.2974,800.0,4936045,-0.4528000056743622,3.663100004196167,309.3963928222656,0.0003000000142492354,0.5885000228881836,0.8888000249862671,0.386,10.8593,0.000373
171,610.6173,603.4186,602.8387,591.6636,4.5057,800.0,4965645,-0.41600000858306885,3.588599920272827,305.6011047363281,0.0007999999797903001,0.5881999731063843,0.8883000016212463,0.3835,10.7652,0.000371
172,612.6843,601.0741,600.2525,579.1808,6.878,800.0,4995245,-0.39489999413490295,3.5683000087738037,297.2626037597656,0.0003000000142492354,0.589900016784668,0.8910999894142151,0.3739,10.7138,0.000369
173,613.7482,600.6176,600.1657,580.0256,7.725,800.0,5024845,-0.3813999891281128,3.453399896621704,295.47930908203125,9.999999747378752e-05,0.5916000008583069,0.89410001039505,0.3878,11.1256,0.000367
174,613.6773,601.9102,602.328,588.4825,6.9403,800.0,5054445,-0.39989998936653137,3.5102999210357666,294.1141052246094,0.00039999998989515007,0.5924000144004822,0.8953999876976013,0.37,10.8084,0.000366
175,608.6673,600.6335,598.918,579.0442,7.5842,800.0,5084045,-0.3628999888896942,3.2711000442504883,287.0439147949219,0.00019999999494757503,0.5918999910354614,0.8945000171661377,0.3707,10.9583,0.000364
176,607.2329,596.2857,596.8279,581.6171,6.8924,800.0,5113645,-0.32989999651908875,3.410900115966797,283.4100036621094,0.0006000000284984708,0.5913000106811523,0.8934999704360962,0.3713,11.2647,0.000362
177,615.8266,601.663,601.0509,582.5704,6.3619,800.0,5143245,-0.3506999909877777,3.4735000133514404,289.1997985839844,0.0010000000474974513,0.592199981212616,0.8949999809265137,0.3619,11.1062,0.00036
178,612.1412,595.994,594.2346,567.1312,10.6372,800.0,5172845,-0.295199990272522,3.305000066757202,274.4590148925781,0.00039999998989515007,0.5929999947547913,0.8963000178337097,0.344,11.1324,0.000358
179,608.4149,596.2463,593.5273,574.7853,9.2731,800.0,5202445,-0.2971999943256378,3.290299892425537,267.1477966308594,0.0003000000142492354,0.5943999886512756,0.8988000154495239,0.365,11.5364,0.000357
180,608.1731,594.5883,593.9723,575.9058,8.4093,800.0,5232045,-0.2971000075340271,3.140000104904175,263.781005859375,0.00019999999494757503,0.5914000272750854,0.8937000036239624,0.3643,11.5581,0.000355
181,603.6694,593.5156,592.3387,570.6638,7.2342,800.0,5261645,-0.2639000117778778,3.216099977493286,262.87939453125,0.000699999975040555,0.5891000032424927,0.8896999955177307,0.3756,11.6426,0.000353
182,610.4227,596.4261,596.8221,581.8939,5.1357,800.0,5291245,-0.2881999909877777,3.273200035095215,267.90399169921875,0.0008999999845400453,0.5860999822616577,0.8845999836921692,0.362,11.8762,0.000351
183,614.2918,606.2891,603.1812,584.0493,8.6231,800.0,5320845,-0.3221000134944916,3.2098000049591064,277.80859375,0.0012000000569969416,0.5853999853134155,0.8834999799728394,0.3701,11.5987,0.00035
184,611.915,599.0324,599.4291,587.8425,5.9119,800.0,5350445,-0.2874999940395355,3.22760009765625,268.2814025878906,0.0008999999845400453,0.5889000296592712,0.8895000219345093,0.3702,11.921,0.000348
185,609.902,596.2524,596.2997,581.1468,5.9459,800.0,5380045,-0.2750000059604645,3.182300090789795,256.2408142089844,0.0008999999845400453,0.5857999920845032,0.8841000199317932,0.355,11.7825,0.000346
186,617.348,603.9613,603.141,587.62,5.1295,800.0,5409645,-0.3077999949455261,3.253999948501587,268.1217956542969,0.0005000000237487257,0.5817000269889832,0.8772000074386597,0.389,11.9049,0.000344
187,610.9835,605.646,604.7121,596.0699,3.71,800.0,5439245,-0.3003999888896942,3.3310999870300293,270.88470458984375,0.00039999998989515007,0.58160001039505,0.8769000172615051,0.3928,11.8569,0.000343
188,617.3674,609.4631,608.989,599.1086,3.8333,800.0,5468845,-0.3271999955177307,3.3213999271392822,274.9231872558594,0.0003000000142492354,0.5787000060081482,0.871999979019165,0.3844,11.9579,0.000341
189,616.9853,607.7164,607.8342,594.2304,5.1185,800.0,5498445,-0.30959999561309814,3.226900100708008,270.5614929199219,0.0003000000142492354,0.5773000121116638,0.8694999814033508,0.3761,11.7814,0.000339
190,621.3168,608.7041,608.5438,599.472,3.9903,800.0,5528045,-0.3003000020980835,3.2098000049591064,271.3909912109375,0.00039999998989515007,0.5785999894142151,0.8718000054359436,0.3792,11.8055,0.000338
191,619.4624,608.7842,608.0555,596.1989,4.5697,800.0,5557645,-0.2838999927043915,3.204400062561035,269.9302978515625,0.0007999999797903001,0.5764999985694885,0.8682000041007996,0.384,12.0258,0.000336
192,613.4127,608.0031,606.0956,589.7264,5.2586,800.0,5587245,-0.2705000042915344,3.1789000034332275,262.31549072265625,0.00019999999494757503,0.5758000016212463,0.8669000267982483,0.3958,12.2527,0.000334
193,615.5132,607.1592,606.1659,592.0469,5.5554,800.0,5616845,-0.2667999863624573,3.104099988937378,259.41839599609375,0.00019999999494757503,0.5701000094413757,0.8568999767303467,0.3807,12.2492,0.000333
194,618.3277,607.8096,606.8984,590.9178,6.4405,800.0,5646445,-0.26089999079704285,3.1098999977111816,259.0392150878906,0.0003000000142492354,0.5713000297546387,0.8590999841690063,0.3698,12.4229,0.000331
195,618.1525,609.8173,608.0243,571.1153,7.7363,800.0,5676045,-0.2538999915122986,3.093100070953369,260.8006896972656,0.000699999975040555,0.5694000124931335,0.8557999730110168,0.3894,12.0155,0.000329
196,615.5437,609.5554,609.1616,601.0154,3.6648,800.0,5705645,-0.24410000443458557,3.2111001014709473,263.33758544921875,0.0005000000237487257,0.5659999847412109,0.8497999906539917,0.3688,12.2481,0.000328
197,621.4299,609.4591,608.3223,596.3335,5.7646,800.0,5735245,-0.23589999973773956,3.151900053024292,258.03729248046875,0.00019999999494757503,0.5652999877929688,0.8485999703407288,0.3876,12.1691,0.000326
198,622.3218,611.8221,611.1104,594.5391,5.4007,800.0,5764845,-0.25099998712539673,3.127500057220459,259.8009033203125,0.00019999999494757503,0.5612000226974487,0.8411999940872192,0.3682,12.5364,0.000324
199,617.7411,612.0291,611.3019,600.9197,4.5304,800.0,5794445,-0.23420000076293945,3.1440000534057617,260.8276062011719,0.0003000000142492354,0.5572999715805054,0.8342999815940857,0.4126,12.7446,0.000323
200,624.132,613.4849,613.7741,604.0362,4.6583,800.0,5824045,-0.2451000064611435,3.16759991645813,261.8236083984375,0.0005000000237487257,0.555400013923645,0.8307999968528748,0.3837,12.5137,0.000321
201,622.5571,614.7149,615.4558,608.3694,3.5726,800.0,5853645,-0.24869999289512634,3.1910998821258545,262.57879638671875,0.0003000000142492354,0.555400013923645,0.8307999968528748,0.3893,12.5208,0.000319
202,626.8852,617.5568,617.8413,611.1888,3.9644,800.0,5883245,-0.2599000036716461,3.1888999938964844,263.6271057128906,0.00039999998989515007,0.5554999709129333,0.8310999870300293,0.3949,12.7479,0.000318
203,623.0053,617.5644,617.1367,606.6245,3.7608,800.0,5912845,-0.24390000104904175,3.0908000469207764,261.4106140136719,0.0003000000142492354,0.5570999979972839,0.833899974822998,0.3981,12.5733,0.000316
204,625.1999,617.2138,616.9728,608.2038,3.9106,800.0,5942445,-0.23639999330043793,3.126300096511841,258.60870361328125,9.999999747378752e-05,0.5551000237464905,0.8303999900817871,0.4217,12.8354,0.000315
205,626.5729,617.9257,618.3785,610.3371,3.4776,800.0,5972045,-0.24250000715255737,3.1285998821258545,257.79058837890625,0.00019999999494757503,0.551800012588501,0.824400007724762,0.3892,12.9851,0.000313
206,626.4995,619.7712,619.1841,605.5784,4.5995,800.0,6001645,-0.2378000020980835,3.127500057220459,257.4374084472656,0.0005000000237487257,0.5493999719619751,0.8198999762535095,0.3944,12.9335,0.000312
207,625.4564,620.1078,619.4725,609.1264,3.4369,800.0,6031245,-0.23000000417232513,3.1177000999450684,256.0509033203125,0.0005000000237487257,0.5519999861717224,0.8248000144958496,0.4115,12.8562,0.00031
208,626.3044,619.0903,618.3139,610.6959,3.6678,800.0,6060845,-0.21809999644756317,3.0388998985290527,251.06179809570312,0.0006000000284984708,0.552299976348877,0.8252000212669373,0.4011,13.1343,0.000308
209,625.0319,616.4245,616.8754,610.2897,3.2865,800.0,6090445,-0.19519999623298645,2.993299961090088,248.3907928466797,0.0015999999595806003,0.5508000254631042,0.8226000070571899,0.3835,13.1313,0.000307
210,627.6549,620.6924,620.2486,609.4032,4.1316,800.0,6120045,-0.21289999783039093,3.095900058746338,251.14259338378906,0.0006000000284984708,0.5478000044822693,0.8169999718666077,0.3921,13.0273,0.000305
211,623.8718,619.3337,619.2808,611.8462,2.8677,800.0,6149645,-0.18880000710487366,3.0208001136779785,250.06520080566406,0.00039999998989515007,0.5534999966621399,0.8274000287055969,0.3793,13.0319,0.000304
212,626.239,619.6629,619.8918,607.2224,3.6745,800.0,6179245,-0.18930000066757202,3.025599956512451,247.84970092773438,0.00019999999494757503,0.5514000058174133,0.8237000107765198,0.3828,13.2609,0.000302
213,628.4981,620.561,620.5365,610.3955,3.6968,800.0,6208845,-0.18490000069141388,2.934299945831299,247.19129943847656,0.0006000000284984708,0.5486000180244446,0.8184999823570251,0.423,13.0137,0.000301
214,626.9582,622.7802,622.2873,615.3522,3.2342,800.0,6238445,-0.19359999895095825,2.9988999366760254,246.53680419921875,0.0006000000284984708,0.5514000058174133,0.8237000107765198,0.392,13.3518,0.000299
215,629.5244,620.9758,620.8558,607.6857,3.8448,800.0,6268045,-0.17020000517368317,2.968899965286255,244.20590209960938,0.0003000000142492354,0.5494999885559082,0.8202999830245972,0.4044,13.2913,0.000298
216,626.2758,620.7843,620.5177,613.2364,2.9512,800.0,6297645,-0.15929999947547913,2.9363999366760254,241.8719940185547,0.0003000000142492354,0.5486000180244446,0.8185999989509583,0.398,13.4902,0.000296
217,625.1957,620.8031,620.303,612.8037,3.1009,800.0,6327245,-0.14910000562667847,2.9003000259399414,239.92120361328125,0.0005000000237487257,0.5508000254631042,0.8224999904632568,0.4055,13.4335,0.000295
218,629.7408,621.1002,620.4475,598.8472,4.7223,800.0,6356845,-0.14429999887943268,2.9309000968933105,237.6284942626953,0.0017999999690800905,0.5511999726295471,0.8233000040054321,0.4077,13.3664,0.000293
219,625.5242,619.4721,619.1577,610.142,3.1478,800.0,6386445,-0.12129999697208405,2.9189000129699707,236.08740234375,0.0003000000142492354,0.5534999966621399,0.8274999856948853,0.3774,13.5969,0.000292
220,627.7823,619.997,619.1453,608.9848,3.9259,800.0,6416045,-0.11330000311136246,2.89739990234375,234.26100158691406,0.0008999999845400453,0.5533000230789185,0.8270000219345093,0.3822,13.5606,0.00029
221,626.1509,620.678,619.9337,611.0802,3.9787,800.0,6445645,-0.11050000041723251,2.8629000186920166,233.91310119628906,0.0005000000237487257,0.54830002784729,0.8180000185966492,0.3997,13.6401,0.000289
222,627.6973,620.1461,620.1025,610.3262,3.7161,800.0,6475245,-0.10450000315904617,2.8487000465393066,231.85440063476562,0.000699999975040555,0.5464000105857849,0.8144999742507935,0.4006,13.8649,0.000288
223,625.7877,620.3731,620.1281,611.4385,2.8869,800.0,6504845,-0.09910000115633011,2.8148999214172363,229.22410583496094,0.0010999999940395355,0.5486999750137329,0.8187999725341797,0.387,13.8174,0.000286
224,628.1145,620.7772,607.0289,109.7034,81.8344,789.3684,6534841,-0.05559999868273735,2.906599998474121,225.47459411621094,0.00039999998989515007,0.5476999878883362,0.8169000148773193,0.3927,13.4051,0.000285
225,624.9756,621.6835,606.9261,91.8116,84.7313,788.5526,6564806,-0.051600001752376556,2.845599889755249,224.05259704589844,0.00019999999494757503,0.5475000143051147,0.8165000081062317,0.3972,13.4,0.000283
226,628.5776,620.4265,620.6497,612.4575,3.3368,800.0,6594406,-0.08349999785423279,2.77810001373291,223.5489959716797,0.0003000000142492354,0.545799970626831,0.8134999871253967,0.399,13.9245,0.000282
227,627.4005,621.7384,621.1922,605.6294,4.0233,800.0,6624006,-0.0835999995470047,2.7441000938415527,221.47720336914062,0.0015999999595806003,0.5414000153541565,0.8052999973297119,0.4129,14.1616,0.00028
228,630.0239,622.4293,622.1332,612.072,3.2775,800.0,6653606,-0.07859999686479568,2.76990008354187,222.22300720214844,0.0003000000142492354,0.5389000177383423,0.8008000254631042,0.4079,14.137,0.000279
229,628.1908,621.5362,621.5667,614.4397,2.9468,800.0,6683206,-0.06310000270605087,2.8529999256134033,220.83489990234375,0.0006000000284984708,0.5371999740600586,0.7975000143051147,0.4372,14.4494,0.000278
230,627.3075,622.1707,593.6984,99.5523,115.2619,778.2051,6713556,0.022600000724196434,2.9540998935699463,214.63040161132812,0.0006000000284984708,0.5353999733924866,0.7942000031471252,0.4349,13.9878,0.000276
231,632.8519,625.7867,624.2686,587.0596,6.8654,800.0,6743156,-0.07339999824762344,2.873300075531006,218.8070068359375,0.00039999998989515007,0.531000018119812,0.7860000133514404,0.4057,14.2933,0.000275
232,628.7171,624.9277,623.3792,605.1255,4.5707,800.0,6772756,-0.05420000106096268,2.703399896621704,217.3209991455078,9.999999747378752e-05,0.5299000144004822,0.7838000059127808,0.414,14.4623,0.000274
233,630.1799,623.1728,608.5134,104.2721,83.1941,789.1053,6802742,0.0006000000284984708,2.7351999282836914,212.622802734375,0.0005000000237487257,0.5311999917030334,0.7864000201225281,0.4114,14.2639,0.000272
234,631.0116,624.6687,625.382,619.9116,2.4485,800.0,6832342,-0.05689999833703041,2.6840999126434326,215.1511993408203,0.0013000000035390258,0.5295000076293945,0.7831000089645386,0.4194,14.4077,0.000271
235,629.5857,623.0014,610.0856,140.7664,77.2303,790.8947,6862396,0.013000000268220901,2.744800090789795,209.6199951171875,0.00039999998989515007,0.5304999947547913,0.7850000262260437,0.4367,13.0753,0.000269
236,630.8238,623.8594,624.3547,618.7074,2.738,800.0,6891996,-0.03200000151991844,2.614300012588501,211.6132049560547,0.0003000000142492354,0.5238000154495239,0.7724000215530396,0.4272,14.5684,0.000268
237,631.3403,624.5149,610.9964,129.0141,79.3631,790.2895,6922027,0.01720000058412552,2.683500051498413,207.6309051513672,0.0006000000284984708,0.5231000185012817,0.7710000276565552,0.4154,13.9175,0.000267
238,631.3882,626.5371,625.9414,606.6885,3.9198,800.0,6951627,-0.02669999934732914,2.647700071334839,210.69219970703125,0.0010000000474974513,0.522599995136261,0.7699000239372253,0.4302,14.8901,0.000265
239,631.3711,624.876,624.0436,596.7069,5.6044,800.0,6981227,-0.0038999998942017555,2.600399971008301,207.5054931640625,0.0006000000284984708,0.5235000252723694,0.7717999815940857,0.4215,14.3641,0.000264
240,630.6879,625.3254,612.0937,115.9182,81.635,789.5789,7011231,0.03180000185966492,2.710599899291992,206.0666046142578,0.000699999975040555,0.5216000080108643,0.7681999802589417,0.4773,13.8631,0.000263
241,631.9364,625.5735,625.6195,620.213,2.7193,800.0,7040831,0.0,2.586899995803833,206.32760620117188,0.0008999999845400453,0.5205000042915344,0.765999972820282,0.4156,15.0964,0.000262
242,630.7217,626.3555,625.9965,618.6456,2.9736,800.0,7070431,0.004699999932199717,2.6180999279022217,205.30050659179688,9.999999747378752e-05,0.5174999833106995,0.7601000070571899,0.422,15.0247,0.00026
243,631.0358,625.7557,625.2275,619.1615,2.8099,800.0,7100031,0.017999999225139618,2.56820011138916,203.3197021484375,0.0003000000142492354,0.5126000046730042,0.7506999969482422,0.4408,15.2047,0.000259
244,632.5153,626.1653,626.0237,618.1811,3.4336,800.0,7129631,0.019600000232458115,2.5485999584198,202.24549865722656,0.00039999998989515007,0.5103999972343445,0.746399998664856,0.4152,15.1413,0.000258
245,631.3182,626.6605,626.3798,618.2351,2.4199,800.0,7159231,0.02370000071823597,2.5006000995635986,200.87899780273438,0.0006000000284984708,0.5088000297546387,0.7433000206947327,0.4439,15.2738,0.000256
246,632.4839,627.3669,627.4133,620.61,2.4918,800.0,7188831,0.025699999183416367,2.5013999938964844,201.38560485839844,9.999999747378752e-05,0.5070000290870667,0.7396000027656555,0.4136,15.0916,0.000255
247,634.6898,626.194,626.3937,620.7349,2.7513,800.0,7218431,0.04039999842643738,2.4642999172210693,198.93739318847656,0.00019999999494757503,0.5067999958992004,0.739300012588501,0.4327,15.1889,0.000254
248,632.9263,626.3792,612.0287,93.8424,85.2935,788.5789,7248397,0.08399999886751175,2.6054000854492188,195.40170288085938,0.00039999998989515007,0.5109999775886536,0.7475000023841858,0.4355,14.2257,0.000253
249,631.8164,626.8896,625.583,603.6535,5.7553,800.0,7277997,0.05700000002980232,2.4558000564575195,194.2686004638672,9.999999747378752e-05,0.5087000131607056,0.7429999709129333,0.4444,15.4839,0.000251
