Positions,Velocities
0.5,0.0
0.5,-0.10000000000000002
0.498,-0.19900000000000004
0.49402,-0.29661000000000004
0.4880878,-0.39244790000000007
0.480238842,-0.4861409810000001
0.47051602238,-0.57732733959
0.4589694755882,-0.6656572706701
0.445656330174798,-0.7507945930810391
0.4306404383131772,-0.8324179131851883
0.41399208004947347,-0.9102218217159719
0.395787643615154,-0.9839180195087068
0.3761092832249799,-1.0532363680366505
0.3550445558642469,-1.11792586100128
0.3326860386442213,-1.1777555135641167
0.309130928372939,-1.2325151661573197
0.2844806250497926,-1.2820162001703344
0.2588403010463859,-1.3260921631785896
0.2323184577828141,-1.364599301756081
0.20502647174769248,-1.397417000295083
0.17707813174179082,-1.4244481246416707
0.1485891692489574,-1.445619269743612
0.11967678385408516,-1.4608809108959675
0.09045916563616581,-1.4702074585578249
0.06105501646500931,-1.4735972170994798
0.031583072123019716,-1.4710722482214869
0.0021616271585899773,-1.462678140163876
-0.027091935644687544,-1.4484836841939552
-0.056061609328566644,-1.4285804602230783
-0.08463321853302821,-1.4030823337551341
-0.1126948652081309,-1.372124866710977
-0.14013736254235046,-1.3358646450022411
-0.16685465544239528,-1.2944785260437486
-0.19274422596327026,-1.248162809694832
-0.2177074821571669,-1.1971323364052298
-0.2416501288852715,-1.141619516609744
-0.26448251921746635,-1.0818732956665922
-0.28611998513079817,-1.018158058866433
-0.30648314630812684,-0.9507524812516089
-0.32549819593315904,-0.8799483271774675
-0.3430971624767084,-0.806049204719061
-0.35921814657108964,-0.7293692801765288
-0.3738055321746202,-0.6502319580605456
-0.3868101713358311,-0.5689685320450161
-0.39818954197673145,-0.48591681245739965
-0.40790787822587943,-0.40141973593747937
-0.41593627294462904,-0.3158239629329287
-0.4222527522032876,-0.2294784687146736
-0.42684232157758106,-0.1427331335868693
-0.42969698424931846,-0.05593733793548436
-0.43081573100802817,0.03056143229373419
-0.43020450236215346,0.11641896417240251
-0.42787612307870543,0.2012956750031092
-0.4238502095786432,0.28485794286881916
-0.41815305072126685,0.3667794053558596
-0.41081746261414964,0.4467422214465544
-0.40188261818521853,0.5244382917549189
-0.39139385235012014,0.5995704324744134
-0.37940244370063186,0.6718534986196933
-0.365965373728238,0.7410154523736228
-0.35114506468076556,0.8067983725955341
-0.33500909722885486,0.868959401805732
-0.3176299091927402,0.9272716272334456
-0.2990844766480713,0.9815248927996592
-0.2794539787920781,1.031526539201277
-0.25882344800805257,1.0771020695676798
-0.23728140661669897,1.1180957384736137
-0.2149194918472267,1.1543710624122174
-0.19183207059898236,1.1858112501575406
-0.16811584559583154,1.2123195517757617
-0.1438694545603163,1.2338195253771704
-0.11919306405277288,1.250255221035462
-0.09418795963206364,1.261591281635662
-0.0689561339993504,1.2678129607457183
-0.04359987478443603,1.2689260579381312
-0.0182213536256734,1.264956772315637
0.0070777818206393395,1.2559514753176153
0.03219681132699165,1.2419764042003112
0.05703633941099787,1.2231172778929098
0.08149868496885607,1.199478837231781
0.10548826171349168,1.171184311865692
0.12891194795080552,1.1383748164043366
0.15167944427889224,1.101208678650132
0.1737036178518949,1.0598607030078522
0.19490083191205193,1.0145213724073947
0.21519125936019984,0.9653959923009103
0.23449917920621804,0.9127037805058612
0.25275325481633526,0.856676906859559
0.26988679295352647,0.7975594868276963
0.28583798269008037,0.7356065333687141
0.30055011335745463,0.6710828714970108
0.31397177078739485,0.6042620201105497
0.32605701118960584,0.5354250457519653
0.33676551210464517,0.4648593930565244
0.34606269996577566,0.3928576967050301
0.35391985389987624,0.3197165797448247
0.36031418549477273,0.2457354431674012
0.3652288943581208,0.17121525163677262
0.3686531993908562,0.09645732024878072
0.3705823457958318,0.021762107168121658
0.37101758793919426,-0.05257198306272594
0.3699661482779397,-0.12624978081993754
0.367441152661541,-0.19898051266732614
0.36346154240819445,-0.2704789380729611
0.35805196364673525,-0.34046645717387036
0.3512426345032578,-0.40867218533147875
0.34306919079662823,-0.4748339903788156
0.33357251098905194,-0.538699488634353
0.3227985212163649,-0.6000269959458199
0.31079798129744846,-0.6585864302296347
0.29762625269285575,-0.7141601621868281
0.2833430494491192,-0.766543811103531
0.26801217322704857,-0.8155469828823195
0.25170123356940216,-0.860993947698906
0.23448135461542405,-0.9027242549357974
0.2164268695167081,-0.9405932833095243
0.1976150038505176,-0.9744727243797707
0.1781255493629222,-1.0042509979060765
0.15804052940480065,-1.0298335977996003
0.13744385744880866,-1.0511433677025643
0.11642099009475737,-1.0681207055153004
0.09505857598445136,-1.080723696479099
0.07344410205486938,-1.0889281747111983
0.051665538560645416,-1.0927277133750601
0.029810984293144212,-1.0921335439534385
0.007968313414075442,-1.087174405372533
-0.01377517469337522,-1.0778963240016228
-0.035333101173407676,-1.0643623258229316
-0.056620347689866304,-1.0466520823300207
-0.07755338933646672,-1.0248614919687473
-0.09805061917584167,-0.9991021991817665
-0.118032663159477,-0.9695010533547804
-0.1374226842265726,-0.9361995101893372
-0.15614667443035934,-0.8993529782421293
-0.17413373399520193,-0.8591301135736362
-0.19131633626667466,-0.8157120656388595
-0.20763057757945186,-0.7692916777291359
-0.2230164111340346,-0.7200726454359542
-0.23741786404275367,-0.6682686367547876
-0.2507832367778494,-0.614102377578689
-0.2630652843294232,-0.5578047064473323
-0.27422137845836986,-0.4996136025169743
-0.28421365050870934,-0.43977319080013055
-0.29300911432471194,-0.37853272879038735
-0.3005797689005197,-0.31614557863754106
-0.3069026804732705,-0.2528681690710617
-0.3119600438546917,-0.18895895128569695
-0.3157392228804057,-0.12467735300190164
-0.3182327699404437,-0.06028273489580148
-0.3194384246383597,0.003966646441245281
-0.3193590917095348,0.06781466490450477
-0.3180027984114447,0.1310083365973667
-0.31538263167949737,0.19329881291368198
-0.31151665542122375,0.25444235112044467
-0.30642780839881484,0.314201258693485
-0.3001437832249451,0.37234480778631307
-0.29269688706921887,0.42865011635343897
-0.2841238847421501,0.48290299260374836
-0.27446582489007515,0.5348987396261409
-0.2637678500975523,0.5844429172078945
-0.25207899175339443,0.631352058055326
-0.2394519505922879,0.6754543358254517
-0.2259428638757789,0.7165901825856548
-0.21161106022406578,0.754612853534954
-0.1965188031533667,0.7893889370444176
-0.18073102441247835,0.8207988083046468
-0.1643150482463854,0.848737025104096
-0.14734030774430348,0.8731126645023322
-0.12987805445425685,0.8938495994061696
-0.11200106246613345,0.9108867143029593
-0.09378332818007426,0.9241780596531564
-0.07529976698701113,0.9336929446926396
-0.05662590809315834,0.9394159686431155
-0.03783758872029602,0.941346990575316
-0.0190106489087897,0.9395010384136221
-0.00022062814051725804,0.9339081578112438
0.01845753501570762,0.9246132018612349
0.03694979905293232,0.911675562839481
0.05518331030972194,0.8951688474004997
0.07308668725773193,0.8751804968645504
0.09059029719502294,0.8518113544443584
0.10762652428391012,0.8251751814609102
0.12413002791312833,0.7953981247895191
0.1400379904089187,0.7626181379589982
0.15529035316809867,0.7269843584976245
0.16983004033805116,0.6886564442790286
0.18360316922363173,0.6478038717686281
0.1965592466590043,0.6046051992062155
0.2086513506431286,0.5592472978823524
0.21983629660077564,0.5119245547749032
0.2300747876962737,0.462838049906999
0.2393315486944137,0.4121947118686743
0.24757544293178718,0.3602064550111048
0.2547795720320093,0.30708930187463634
0.260921358069502,0.25306249444948814
0.26598260795849177,0.19834759789109285
0.26994955991631364,0.14316760032048356
0.27281291192272333,0.087746012334016
0.27456783216940367,0.03230596982613116
0.2752139515659263,-0.022930656306010898
0.2747553384398061,-0.07774414005613606
0.2732004556386834,-0.1319177663435359
0.27056210031181266,-0.18523867980783726
0.26685732671565593,-0.23749871307212142
0.2621073524542135,-0.2884951912845314
0.25633744862852287,-0.3380317098625288
0.2495768144312723,-0.3859188824896081
0.24185843678148014,-0.43197505655096646
0.2332189356504608,-0.47602699334175286
0.22369839578362577,-0.5179105105384275
0.21334018557285722,-0.5574710845897684
0.20219076388106186,-0.5945644108584421
0.19029947566389302,-0.6290569195260701
0.1777183372733716,-0.660826245463588
0.16450181236409986,-0.6897616504636265
0.15070657935482734,-0.7157643964318102
0.13639129142619114,-0.7387480683384576
0.12161633005942199,-0.7586388459403113
0.10644355314061577,-0.7753757234927926
0.09093603867075992,-0.7889106768859878
0.07515782513304016,-0.79920877785128
0.059173649576014564,-0.8062482550993753
0.04304868447402706,-0.8100205024635844
0.026848274424755368,-0.8105300343337539
0.010637673738080288,-0.8077943888753675
-0.005518214039427063,-0.8018439797342298
-0.02155509363411166,-0.7927218971290021
-0.037409531576691704,-0.7804836594308897
-0.0530192047653095,-0.7651969165212424
-0.06832314309573434,-0.7469411064029681
-0.0832619652237937,-0.7258070667197916
-0.09777810655818953,-0.7018966030078349
-0.11181603861834623,-0.6753220156661186
-0.1253224789316686,-0.6462055877857882
-0.13824659068738435,-0.6146790361215966
-0.1505401714098163,-0.5808829276229037
-0.16215782996227437,-0.5449660640647114
-0.1730571512435686,-0.5070848374316094
-0.1831988479922008,-0.46740255880857956
-0.1925468991683724,-0.4260887636220536
-0.20106867444081347,-0.38331849615215857
-0.20873504436385665,-0.3392715763024743
-0.21552047588990614,-0.2941318516666782
-0.2214031129232397,-0.2480864379720302
-0.22636484168268028,-0.20132495100766196
-0.2303913407028335,-0.15403873316104927
-0.2334721153660545,-0.10642007768887207
-0.23560051691983194,-0.05866145383877244
-0.2367737459966074,-0.010954735916418316
-0.23699284071493576,0.03650956064206735
-0.2362626495020944,0.08354303317863383
-0.23459178883852175,0.12996013274726637
-0.23199258618357643,0.17557888918749806
-0.22848100839982646,0.22022161753233838
-0.2240765760491797,0.2637156030369803
-0.21880226398844008,0.30589376221644643
-0.21268438874411114,0.34659527739197
-0.20575248319627173,0.38566620236687255
-0.19803915914893427,0.42296003698245815
-0.1895799584092851,0.4583382684424204
-0.18041319304043668,0.49167087743985327
-0.1705797754916396,0.5228368072735421
-0.16012303934616876,0.5517243942991346
-0.14908855146018607,0.578231758225377
-0.13752391629567853,0.6022671509351605
-0.1254785732769753,0.6237492626849446
-0.11300358802327642,0.6426074847134902
-0.10015143832900662,0.6587821274710105
-0.08697579577958642,0.6722245938621018
-0.07353130390234439,0.682897507079398
-0.05987335376075643,0.6907747927890729
-0.04605785790497497,0.6958417156133335
-0.032141023592708304,0.6980948700381951
-0.0181791261919444,0.6975421260563549
-0.004228283670817304,0.6942025300341802
0.0096557669298663,0.6881061614680019
0.023417890159226337,0.6792939464673485
0.03700376908857331,0.6678174289708297
0.0503601176679899,0.6537385008634068
0.06343488768525804,0.6371290923211748
0.07617746953168153,0.6180708238609114
0.08853888600889975,0.596654621715966
0.10047197844321908,0.5729802982970263
0.1119315844091596,0.5471560996254122
0.12287470640166784,0.5192982217473262
0.13326067083661436,0.4895302982495194
0.14305127680160473,0.4579828610997013
0.15221093402359875,0.42479277712838337
0.1607067895661664,0.3901026625523798
0.168508842817214,0.3540602780136227
0.17559004837748646,0.31681790667004367
0.18192640651088732,0.2785317179278459
0.18749704086944424,0.23936111944639
0.19228426325837203,0.19946810007803722
0.19627362525993278,0.15901656642558243
0.19945395658844442,0.11817167570934003
0.20181739010263122,0.07709916763455774
0.20335937345532237,0.035964697937685905
0.2040786674140761,-0.005066823732755445
0.203977330939421,-0.04583188897824312
0.20306069315985614,-0.0861690362763449
0.20133731243432926,-0.12591948454555268
0.1988189227434182,-0.164927752186963
0.19552036769967893,-0.20304225921377703
0.19145952251540338,-0.24011591016157505
0.18665720431217186,-0.27600665556304
0.18113707120091108,-0.31057802986984395
0.1749255106035142,-0.3436996638113277
0.16805151732728763,-0.3752477692939173
0.1605465619414093,-0.4051055950664356
0.1524444500400806,-0.4331638515040531
0.1437811730099995,-0.4593211029970287
0.13459475095005893,-0.4834841265690583
0.12492506841867776,-0.5055682354933795
0.11481370370881017,-0.5254975668221813
0.10430375237236654,-0.5432053318957215
0.09343964573445211,-0.5586340290512376
0.08226696515342737,-0.5717356179076156
0.07083225279527505,-0.5824716547592249
0.05918281970009055,-0.5908133887706877
0.0473665519246768,-0.5967418188229989
0.03543171554821682,-0.6002477110197043
0.023426761327822735,-0.6013315770191506
0.011400129787439723,-0.6000036135145237
-0.0005999424828507516,-0.5962836033368664
-0.012525614549588079,-0.5902007788069276
-0.02432963012572663,-0.5817936481089406
-0.03596550308790544,-0.5711097856027059
-0.04738769879995956,-0.5582055871290977
-0.05855181054254152,-0.5431459914978148
-0.06941473037249782,-0.5260041694743284
-0.07993481376198439,-0.5068611817050855
-0.0900720373960861,-0.4858056071356378
-0.09978814953879886,-0.4629331435850642
-0.10904681241050014,-0.4383461822414538
-0.11781373605532922,-0.4121533579369392
-0.126056803214068,-0.38446907714650397
-0.1337461847569981,-0.35541302573222533
-0.1408544452716426,-0.32510965852350343
-0.14735663844211266,-0.2936876728839399
-0.15323039189979146,-0.26127946846667793
-0.15845598126912502,-0.22802059540205286
-0.16301639317716607,-0.19404919319420733
-0.1668973770410502,-0.15950542262683204
-0.17008748549358685,-0.12453089299235368
-0.17257810335343393,-0.08926808696371276
-0.1743634650927082,-0.05385978542338884
-0.17544066080117598,-0.0184484945506133
-0.17580963069218825,0.016824122555128038
-0.17547314824108567,0.05181780746801441
-0.17443679209172538,0.0863942590415514
-0.17270890691089436,0.12041767486948096
-0.17030055341350472,0.15375527950296503
-0.16722544782344542,0.18627783739063633
-0.1634998910756327,0.21786014858141906
-0.1591426881040043,0.2483815253107314
-0.15417505759778968,0.27772624767842496
-0.14862053264422118,0.30578399672119866
-0.1425048527097972,0.3324502632828309
-0.1358558474441406,0.35762673119196203
-0.12870331282030134,0.38122163336887055
-0.12107888015292392,0.4031500795992421
-0.11301587856093909,0.42333435483383447
-0.10454919146426239,0.44170418699768393
-0.09571510772430872,0.4581969834205596
-0.08655116805589752,0.4727580351312157
-0.07709600735327321,0.4853406883910831
-0.06738919358545155,0.4959064829778269
-0.05747106392589501,0.504425256865139
-0.04738255878859223,0.5108752170816666
-0.037165054446958896,0.5152429766685684
-0.02686019491358753,0.5175235577912746
-0.016509723757762038,0.5177203611960793
-0.00615531653384045,0.5158451023356709
0.004161585512872969,0.5119177146190823
0.014399939805254615,0.5059662203703169
0.024519264212660954,0.4980265702055628
0.03447979561677221,0.488142451660975
0.04424264464999171,0.47636506802101075
0.05376994601041193,0.4627528884108023
0.06302500377862798,0.4473713703246119
0.07197243118512021,0.43029265586564014
0.08057828430243302,0.4115952430699597
0.08881018916383222,0.3913636337787735
0.09663746183940769,0.3696879596082193
0.10403122103157207,0.3466635876442556
0.11096449278445718,0.3223907075614986
0.11741230693568715,0.2969739019289922
0.12335178497426699,0.27052170152256483
0.1287622190047183,0.24314612751248577
0.13362514155496802,0.21496222243641724
0.13792438600369636,0.18608757190105946
0.14164613744171756,0.15664181898130958
0.14477897382134375,0.12674617330315296
0.14731389728740682,0.09652291680585268
0.14924435562352387,0.06609490818031277
0.15056625378713012,0.035585087973804864
0.15127795554660622,0.005115986336640784
0.15138027527333903,-0.025190764636046876
0.15087645998061808,-0.05521491204435422
0.14977216173973099,-0.0848380549200343
0.1480754006413303,-0.11394410671878015
0.1457965185069547,-0.14241974577985841
0.14294812359135753,-0.17015485202345076
0.13954502655088852,-0.19704292822148778
0.13560416798645877,-0.22298150424945062
0.13114453790146977,-0.24787252280424787
0.12618708744538482,-0.27162270515649933
0.12075463334225484,-0.29414389559401133
0.1148717554303746,-0.3153533833065222
0.10856468776424416,-0.3351742005595319
0.10186120375305352,-0.3535353961067854
0.09479049583091781,-0.3703722828963283
0.08738305017299125,-0.38562665923354855
0.07967051698832028,-0.3992470026758113
0.07168557693480405,-0.41118863604671724
0.06346180421386971,-0.4214138650732109
0.05503352691240549,-0.42989208726525274
0.046435685167100435,-0.4365998717750813
0.03770368773159881,-0.44152101009075057
0.028873267529783798,-0.44464653753616284
0.01998033677906054,-0.445974725666758
0.011060842265725379,-0.4455110457659025
0.0021506213504073283,-0.44326810376138853
-0.006714740724820442,-0.4392655469938561
-0.015500051664697565,-0.43352994337895345
-0.024170650532276634,-0.4260946336122244
-0.03269254320452112,-0.4169995571696468
-0.041032534347914054,-0.40629105295704615
-0.049158355407054974,-0.3940216355578929
-0.057038788118212835,-0.38024974812090295
-0.0646437830806309,-0.3650394930160514
-0.07194457294095193,-0.3484603414697647
-0.07891377977034722,-0.3305868234668766
-0.08552551623968475,-0.31149819927813843
-0.09175548022524752,-0.2912781140374201
-0.09758104250599592,-0.2700142368519964
-0.10298132724303585,-0.24779788598227723
-0.1079372849626814,-0.22472364167384729
-0.11243175779615834,-0.20088894826457251
-0.11644953676144978,-0.17639370722269512
-0.11997741090590369,-0.1513398627981782
-0.12300420816186726,-0.12583098198901568
-0.12552082780164758,-0.09997183053675207
-0.12752026441238262,-0.07386794667105502
-0.12899762334580372,-0.047625214321867934
-0.1299501276322411,-0.021349437509488502
-0.13037711638243085,0.004854082392054607
-0.13028003473458977,0.03088096484462024
-0.12966241543769735,0.05662816214309199
-0.1285298521948355,0.08199436360920055
-0.1268899649226515,0.10688039041207566
-0.12475235711440999,0.1311895794924852
-0.12212856552456029,0.15482815512044235
-0.11903200242215145,0.17770558667414998
-0.11547789068866846,0.19973493129183878
-0.11148319206283168,0.2208331601166541
-0.1070665288604986,0.2409214669280539
-0.10224809952193752,0.2599255580308731
-0.09704958836132005,0.27777592235495185
-0.09149406991422102,0.29440808080366637
-0.08560590829814768,0.30976281397847394
-0.0794106520185782,0.32378636749831874
-0.07293492466861183,0.3364306342270512
-0.0662063119840708,0.3476533128185031
-0.059253245727700736,0.35741804208713224
-0.05210488488595809,0.36569451081180104
-0.04479099466972207,0.37245854268087464
-0.037341823816104576,0.37769215618801033
-0.029787980692344368,0.3813835993893511
-0.022160308704557347,0.38352735953392647
-0.014489761513878818,0.38412414767949865
-0.006807278560288845,0.38318085850547945
0.0008563386098207441,0.38071050563248243
0.008470548722470394,0.37673213285419344
0.01600519137955426,0.3712707017811574
0.02343060541517741,0.364356956487435
0.03071774454492611,0.35602726583952515
0.03783828986171661,0.3463234442721447
0.0447647587471595,0.3352925518570799
0.051470609784301104,0.3229866745890772
0.057930343276082645,0.3094626858863262
0.06411959699380917,0.2947819903722464
0.0700152368012541,0.27901025106976207
0.07559544182264934,0.26221710119881364
0.08083978384662562,0.24447584182229565
0.08572930068307152,0.22586312663474756
0.09024656321576648,0.20645863523178576
0.09437573592040219,0.1863447362363146
0.09810263064512847,0.165606141689871
0.1014147534789259,0.1443295541439466
0.10430134456180483,0.12260330790672196
0.10675341071993927,0.10051700591529376
0.10876375083824515,0.07816115371215297
0.1103269739124882,0.05562679200738241
0.11143950975263585,0.033005129304810935
0.11209961233873207,0.010387176061235646
0.11230735585995678,-0.012136618167123126
0.11206462349661432,-0.034476723157443254
0.11137508903346546,-0.05654488062519169
0.11024419142096163,-0.07825444962563287
0.10867910242844897,-0.09952074341356887
0.10668868756017759,-0.12026135646512298
0.10428346043087514,-0.14039648041250727
0.10147553082262499,-0.15984920769455724
0.09827854666873384,-0.17854582178213668
0.0947076302330911,-0.1964160728980621
0.09077930877512987,-0.2133934382156997
0.08651144001081587,-0.22941536558856868
0.0819231326990445,-0.24442349993484616
0.07703466270034758,-0.2583638914753066
0.07186738487084145,-0.27118718510062306
0.06644364116882899,-0.2828487902237851
0.06078666536435329,-0.29330903055531304
0.054920484753247026,-0.3025332733226306
0.048869819286794416,-0.31049203754005367
0.04265997853599334,-0.317161081022012
0.0363167569155531,-0.32252146591899056
0.029866327597173288,-0.3265596026429113
0.02333513554431506,-0.32926727213591683
0.016749790101596725,-0.33064162652342066
0.010136957571128312,-0.3306851682785058
0.0035232542055581954,-0.3294057081099464
-0.0030648599566407324,-0.3268163018699586
-0.009601185994039904,-0.32293516685993084
-0.01605988933123852,-0.31778557799252355
-0.02241560089108899,-0.3113957443463506
-0.028643515778016004,-0.30379866672466926
-0.03471948911250939,-0.29503197690181937
-0.040620128650545775,-0.2851377593102993
-0.04632288383675176,-0.2741623559870871
-0.0518061309564935,-0.2621561556598659
-0.057049254069690816,-0.24917336791196854
-0.06203272142793019,-0.2352717834189107
-0.0667381570963084,-0.22051252129913554
-0.07114840752229111,-0.2049597646668825
-0.07524760281562876,-0.18868048551575545
-0.07902121252594387,-0.17174416009747215
-0.08245609572789331,-0.15422247599130864
-0.08554054524771948,-0.1361890320858169
-0.08826432588943582,-0.11771903271541483
-0.09061870654374411,-0.09888897721037351
-0.09259648608795158,-0.07977634612952095
-0.094192013010542,-0.06045928545063542
-0.09540119871955471,-0.04101628999402066
-0.09622152451943512,-0.02152588735016951
-0.09665204226643852,-0.002066323572780783
-0.09669336873789414,0.01728474811623473
-0.09634767377556944,0.036450574382651216
-0.0956186622879164,0.05535560339393859
-0.09451155022003764,0.0739257798175825
-0.09303303462368599,0.0920888320634142
-0.09119125798241771,0.10977455066751726
-0.08899576696906737,0.12691505675732564
-0.08645746583392086,0.14344505958356588
-0.08358856464224955,0.1593021021545144
-0.08040252259915925,0.17442679406141917
-0.07691398671793087,0.18876303064063682
-0.07313872610511814,0.20225819767781664
-0.0690935621515618,0.2148633609220621
-0.06479629493312056,0.22653343974315385
-0.06026562613825748,0.23722736433234642
-0.05552107885161055,0.24690821591667445
-0.05058291453327706,0.2555433495278298
-0.04547204754272047,0.2631044989392069
-0.04020995756393633,0.2695678634583589
-0.03481860029476915,0.2749141763365626
-0.0293203167680379,0.2791287546321508
-0.023737741675394882,0.2822015304394369
-0.018093711066606143,0.2841270634701215
-0.012411169797203712,0.2849045350487415
-0.006713079096228882,0.28453772365769486
-0.0010223246230749846,0.2830349622403637
0.004638374621732289,0.28040907754257505
0.01024655617258379,0.27667731184280286
0.015780102409439847,0.2718612274898581
0.02121732695923701,0.2659865947330715
0.02653705885389844,0.25908326339389337
0.03171872412177631,0.2511850189891747
0.0367424245015598,0.2423294239749277
0.041589012981058354,0.23255764483486646
0.04624016587775569,0.22191426579030613
0.05067845119356181,0.21044708995685193
0.05488739299269885,0.19820692881857105
0.05885153156907027,0.18524738093184556
0.06255647918770718,0.17162460080871306
0.06598897120388145,0.15739705896308448
0.06913691238314314,0.14262529413267735
0.07198941826579669,0.12737165871472195
0.07453685144009113,0.11170005847441539
0.07677085260957944,0.095675687601653
0.07868436636161251,0.07936476020372057
0.08027166156568692,0.06283423932936086
0.08152834635227414,0.046151564622929866
0.08245137764473275,0.029384379706245734
0.08303906523885766,0.012600260380236726
0.0832910704464624,-0.0041335552713371755
0.08320839934103566,-0.020750433807916288
0.08279339066487733,-0.03718460933804426
0.08204969847811644,-0.053371441377639287
0.08098226965056365,-0.06924766665948619
0.07959731631737393,-0.08475164392300406
0.07790228343891385,-0.09982359074724881
0.07590581162396888,-0.11440581152755909
0.0736176953934177,-0.12844291573707728
0.07104883707867615,-0.14188202565839006
0.06821119656550835,-0.1546729728175414
0.06511773710915753,-0.16676848240246764
0.06178236746110817,-0.17812434500027446
0.05821988056110268,-0.18869957504249335
0.054445889060252814,-0.19845655540428894
0.05047675795216704,-0.20736116766229662
0.046329534598921106,-0.21538290757610706
0.042021876447398965,-0.22249498542013021
0.03757197673899636,-0.2286744108554087
0.032998488521888185,-0.2339020620946539
0.02832044727999511,-0.23816273917808498
0.02355719249643341,-0.24144520124230315
0.018728288471587348,-0.2437421877291668
0.013853444717004011,-0.2450504235461926
0.008952436246080159,-0.24537060825413148
0.004045024080997529,-0.2447073894208062
-0.0008491237074185944,-0.24306932034279763
-0.0057105101142745475,-0.24046880239788593
-0.010519886162232265,-0.23692201235105215
-0.015258326409253307,-0.23244881499509518
-0.019907302709155212,-0.22707266156329356
-0.024448755940421084,-0.22082047440582958
-0.028865165428537676,-0.21372251847368706
-0.03313961579801142,-0.20581226020324267
-0.03725586100207627,-0.19712621444160797
-0.04119838529090843,-0.18770378009677663
-0.044952460892843965,-0.17758706523762718
-0.04850420219759651,-0.16682070240668212
-0.05184061624573015,-0.15545165494309598
-0.05494964934459207,-0.143529015144519
-0.05782022964748245,-0.13110379512415538
-0.06044230554996556,-0.11822871124341733
-0.0628068797748339,-0.10495796302099004
-0.0649060390352537,-0.09134700743581337
-0.06673297918396996,-0.07745232955440448
-0.06828202577505806,-0.06333121042206644
-0.06954864998349938,-0.049041493162834154
-0.07052947984675606,-0.03464134823450593
-0.07122230681144617,-0.020189038782809657
-0.07162608758710237,-0.005742687032692323
-0.07174094132775621,0.00863995735505508
-0.07156814218065512,0.022901746047055773
-0.071110107259714,0.03698635702271624
-0.07037038011925968,0.050838514904431885
-0.06935360982117104,0.0644042057792395
-0.06806552570558626,0.07763088568568131
-0.06651290799187264,0.09046768196994176
-0.0647035543524738,0.10286558674861687
-0.06264624261750146,0.11477764175162547
-0.06035068978246895,0.1261591138576095
-0.05782750750531676,0.1369676606755272
-0.05508815429180622,0.1471634855698353
-0.052144884580409515,0.1567094815724982
-0.04901069494895955,0.16557136367285513
-0.04569926767550245,0.1737177890259185
-0.04222491189498408,0.18112046467075982
-0.03860250260156888,0.18775424240304903
-0.0348474177535079,0.19359720049933232
-0.030975473743521255,0.19863071204504057
-0.027002859502620442,0.20283949967329443
-0.022946069509154555,0.20621167657708558
-0.018821835977612843,0.20873877371314564
-0.014647060503349931,0.21041575317153677
-0.010438745439919196,0.2112410077404914
-0.006213925285109368,0.21121634675107032
-0.0019895983500879616,0.21034696834058147
0.002217341016723668,0.20864141832719324
0.0063901693832675325,0.20611153594057657
0.010512400102079064,0.2027723867045173
0.01456784783616941,0.1986421828170563
0.018540691492510537,0.19374219142165186
0.022415535320943574,0.18809663120893325
0.02617746794512224,0.18173255783265518
0.029812119101775343,0.17467973866530417
0.033305713875081425,0.16697051745829605
0.036645124224247344,0.15863966950869682
0.03981791761442128,0.14972424796876038
0.04281240257379649,0.14026342196618852
0.04561767101312026,0.13029830723176733
0.04822363715775561,0.1198717899568256
0.05062107295689212,0.10902834462570622
0.052801639849406244,0.09781384658807074
0.05475791678116766,0.08627538015230879
0.05648342438421384,0.07446104299455217
0.057972645244104885,0.06241974768776387
0.05922104019786016,0.050201021162065255
0.060225060621101466,0.037854802910872565
0.060982156679318916,0.02543124275754354
0.06149078153446979,0.012980498994104321
0.061750391514351875,0.0005525376972693192
0.06176144226829726,-0.011803065982573751
0.061525380948645784,-0.024037323776407465
0.061044634473117636,-0.03610202672837255
0.06032259393855018,-0.047949933355712356
0.059363595271435934,-0.059534952809865274
0.05817289621523863,-0.0708123223360538
0.056756649768517554,-0.081738778355741
0.055121874201402736,-0.09227272052588711
0.053276419790884995,-0.1023743681609088
0.051228932427666816,-0.11200590843747671
0.04898881425891728,-0.12113163583863532
0.04656618154214458,-0.12971808233203241
0.04397181989550393,-0.137734137817141
0.04121713713916111,-0.14515116041807039
0.0383141139307997,-0.1519430762417219
0.03527525240596526,-0.15808646826546463
0.03211352304065597,-0.16356065406400302
0.02884230995937591,-0.1683477521314942
0.025475354916746025,-0.17243273660205444
0.022026700184704935,-0.1758034802193831
0.018510630580317274,-0.17845078545413026
0.014941614871234668,-0.1803684037156524
0.01133424679692162,-0.18155304265274283
0.007703185943866764,-0.18200436158559974
0.0040630987121547685,-0.18172495515851708
0.0004285996089844267,-0.18072032534936286
-0.0031858068980028307,-0.1789988420176661
-0.006765783738356153,-0.17657169221788888
-0.01029721758271393,-0.17345281854803876
-0.013766273953674706,-0.1696588468460156
-0.017159450890595018,-0.1652090035868205
-0.020463630962331426,-0.1601250233728333
-0.023666131429788094,-0.15443104694663867
-0.026754752368720866,-0.14815351019121467
-0.02971782257254516,-0.14132102461555834
-0.03254424306485632,-0.13396424985489372
-0.035223528061954196,-0.12611575874337352
-0.03774584323682167,-0.11780989554354895
-0.04010204114769265,-0.10908262794074913
-0.04228369370650763,-0.09997139343180311
-0.04428312157514369,-0.09051494075618355
-0.04609342039026736,-0.08075316703359298
-0.04770848373093922,-0.07072695128520357
-0.04912302275664329,-0.06047798502616368
-0.05033258245716656,-0.05004860062457338
-0.05133355446965803,-0.03948159812689433
-0.05212318643219592,-0.028820071251693776
-0.05269958785722979,-0.01810723325273765
-0.05306173252228455,-0.007386243348764313
-0.053209457389259834,0.0032999655891802412
-0.05314345807747623,0.013908857411140407
-0.052865280929253425,0.02439846045252425
-0.05237731172020294,0.03472753203384969
-0.05168276107952595,0.044855719057551785
-0.05078564669837491,0.05474371408288146
-0.04969077241671728,0.06435340628172763
-0.048403704291082726,0.07364802670225382
-0.04693074375703765,0.08259228729344782
-0.045278898011168696,0.09115251317192087
-0.04345584774773028,0.0992967676424354
-0.04146991239488157,0.1069949695155571
-0.039330013004570424,0.11421900229937786
-0.03704563295858287,0.12094281487729816
-0.034626776661036904,0.12714251332024176
-0.03208392639463207,0.13279644351924672
-0.029427997524247136,0.13788526436298065
-0.02667029223698752,0.14239201122420028
-0.023822452012503516,0.14630214955935578
-0.0208964090213164,0.1496036184662629
-0.01790433665199114,0.15228686408586356
-0.01485859937027387,0.15434486277540316
-0.011771702114765806,0.1557731340217039
-0.008656239434331728,0.15656974310444002
-0.005524844572242928,0.15673529356026197
-0.002390138701037688,0.15627290953910794
0.000735319489744471,0.1551882081839244
0.003839083653422959,0.15348926220413625
0.006908868897505685,0.1511865528514103
0.009932599954533891,0.14829291354339508
0.012898458225401793,0.14482346441705435
0.01579492751374288,0.14079553812780343
0.018610838276298947,0.1362285972437768
0.021335410221174484,0.13114414361607926
0.02395829309349607,0.12556562013568356
0.02646960549620974,0.11951830531562752
0.02885997160252229,0.11302920116322929
0.031120555625786875,0.10612691483109253
0.03324309392240873,0.09884153455762423
0.035219924613561215,0.09120450042756624
0.03704401462211254,0.08324847050057833
0.03870898403212411,0.07500718287115005
0.04020912768954711,0.06651531423601373
0.04153943397426738,0.05780833555574417
0.042695600685382265,0.04892236540533325
0.04367404799348893,0.03989402161420346
0.044471928425773,0.030760271799363637
0.045087133861760276,0.0215582833962154
0.045518299529684586,0.012325273789901189
0.04576480500548261,0.003098361146065258
0.045826772228403916,-0.006085583466491918
0.04570506055907408,-0.015190082077507784
0.045401258917523925,-0.02417919336854752
0.044917675050152976,-0.03301765321836683
0.04425732198578564,-0.04167101169621376
0.043423901751861366,-0.050105765976408756
0.04242178643233319,-0.05828948866701694
0.041255996658992856,-0.06619095106681341
0.039932177637656587,-0.07378024088794385
0.03845657281989771,-0.08102887400659574
0.036835995339765795,-0.08790989983050933
0.03507779734315561,-0.09439799990015739
0.03318983734515246,-0.10046957936978694
0.031180445757756723,-0.10610285104511956
0.029058388736854332,-0.11127791168621971
0.02683283050312994,-0.11597681031672838
0.02451329429679537,-0.12018360831418709
0.022109622130511628,-0.1238844310904043
0.019631933508703542,-0.12706751120560258
0.01709058328459149,-0.12972322279528728
0.014496118828685744,-0.13184410722425272
0.01185923668420069,-0.13342488991774734
0.009190738885845743,-0.13446248835541
0.006501489118737542,-0.13495601124902504
0.0038023688937570414,-0.1349067489602823
0.0011042339145513956,-0.1343181552494309
-0.0015821291904372222,-0.13319582047984685
-0.00424604560003416,-0.13154743643696093
-0.006876994328773379,-0.1293827529525845
-0.00946464938782507,-0.12671352655730397
-0.01199891991897115,-0.12355346141416591
-0.014469989147254468,-0.11991814281623002
-0.016868352003579067,-0.11582496355861682
-0.019184851274751405,-0.11129304352231484
-0.021410712145197703,-0.10634314283214141
-0.023537575001840533,-0.10099756897478046
-0.02555752638133614,-0.09528007828466455
-0.02746312794702943,-0.08921577222555067
-0.029247443391540444,-0.08283098891388928
-0.030904063169818228,-0.0761531903464423
-0.03242712697674707,-0.06921084580901424
-0.03381134389292736,-0.06203331195557468
-0.035052010132038854,-0.054650710057433466
-0.036145024333187524,-0.04709380093045136
-0.03708690035179655,-0.03939385805450934
-0.03787477751288674,-0.031582539403604934
-0.038506428300958837,-0.023691758506991536
-0.03898026347109867,-0.01575355526172985
-0.03929533457633327,-0.007799967014892816
-0.03945133391663112,0.00013709957052276782
-0.03944859192522067,0.008025995358143767
-0.03928807201805779,0.015835453789606466
-0.038971362942265664,0.023534713655321962
-0.03850066866915922,0.031093639107221877
-0.03787879588701479,0.0384828364499815
-0.037109139158015156,0.04567376726288465
-0.03619566381275746,0.05263885742185884
-0.035142886664320284,0.05935160161019174
-0.03395585463211645,0.06578666292695388
-0.03264012137357737,0.07191996722410764
-0.03120172202909522,0.07772879182658203
-0.02964714619256358,0.08319184831413526
-0.027983309226280874,0.08828935906950662
-0.02621752204489074,0.09300312732406774
-0.024357459498409385,0.09731660045980521
-0.02241112748921328,0.10121492635488903
-0.0203868289621155,0.1046850025891828
-0.018293128910331843,0.10771551835571408
-0.01613881854321756,0.11029698895422331
-0.013932878764133095,0.1124217827733246
-0.011684443108666603,0.11408414069841798
-0.009402760294698243,0.11528018791316712
-0.0070971565364349,0.11600793809297509
-0.0047769977745753985,0.11626729001933232
-0.002451651974188752,0.11606001667405408
-0.00013045164070767026,0.11538974690215129
0.0021773432973353555,0.1142619397612713
0.004462582092560782,0.11268385170419151
0.006716259126644612,0.11066449676863745
0.008929549062017362,0.10821459997562215
0.011093841061529806,0.10534654416346245
0.013200771944799055,0.10207431050952187
0.015242258154989492,0.09841341301546684
0.017210526415298827,0.09438082725431428
0.019098142960385114,0.08999491369871138
0.02089804123435934,0.08527533596964725
0.022603547953752284,0.08024297436307891
0.024208407441013862,0.07491983502869766
0.025706804141587814,0.0693289551902079
0.027093383245391973,0.06349430480998826
0.028363269341591738,0.05744068511280998
0.029512083043847937,0.051193624393363536
0.030535955531715207,0.04477927154066031
0.03143154096252841,0.03822428771891066
0.03219602671690663,0.03155573664921587
0.03282714144989094,0.024800973939342386
0.03332316092867779,0.01798753590997077
0.03368291164687721,0.011143028365135504
0.03390577221417992,0.004295015752108707
0.03399167252922209,-0.0025290888482483644
0.033941090752257125,-0.009302132465610301
0.03375504810294492,-0.015997329291405626
0.03343510151711681,-0.022588365619080557
0.0329833342047352,-0.029049502266313115
0.03240234415940894,-0.03535567408459703
0.031695230677717,-0.04148258617563284
0.03086557895420434,-0.047406806449419914
0.029917442825215943,-0.05310585417576658
0.028855325741700612,-0.05855828419905211
0.027684160057719568,-0.06374376650540171
0.026409284727611535,-0.06864316085189161
0.025036421510573705,-0.073238586188895
0.023571649786795806,-0.07751348462912079
0.02202138009421339,-0.08145267974018874
0.020392326499409617,-0.08504242896162953
0.018691477920177026,-0.08827046997189515
0.016926068520739124,-0.09112606085621161
0.015103547303614892,-0.09360001395179732
0.013231547024578946,-0.09568472327300233
0.0113178525591189,-0.0973741854451881
0.009370368850215138,-0.09866401410256
0.007397088568163938,-0.09955144773157742
0.005406059613532389,-0.10003535096789444
0.0034053525941745003,-0.10011620938092197
0.0014030284065560607,-0.09979611780594766
-0.0005928939495628924,-0.09907876230919939
-0.0025744691957468803,-0.09796939589619481
-0.004533857113670776,-0.0964748080980835
-0.006463353275632446,-0.0946032885943685
-0.008355419047519817,-0.09236458505329834
-0.010202710748585784,-0.08976985539326139
-0.011998107856451012,-0.08683161468961162
-0.013734740150243244,-0.0835636769714253
-0.01540601368967175,-0.0799810921716624
-0.017005635533105,-0.07610007851201142
-0.018527637103345228,-0.07193795062027031
-0.019966396115750636,-0.06751304369339856
-0.021316656989618606,-0.06284463403331444
-0.022573549670284895,-0.05795285629505758
-0.023732606796186047,-0.052858617798050025
-0.02478977915214705,-0.04758351026083232
-0.025741449357363697,-0.042149719327794585
-0.02658444374391959,-0.0365799322630439
-0.027316042389180468,-0.030897244191629543
-0.027933987273013057,-0.025125063271877152
-0.0284364885384506,-0.019287015184555768
-0.028822228842141716,-0.013406847325020088
-0.029090365788642117,-0.007508333083341543
-0.029240532450308946,-0.0016151765947797032
-0.02927283598220454,0.004249081661229885
-0.02918785434897994,0.010061158041058497
-0.028986631188158772,0.015798117330443902
-0.028670668841549896,0.02143746239477122
-0.02824191959365447,0.026957221539133488
-0.027702775162871802,0.03233603324247305
-0.02705605449802234,0.03755322794262268
-0.02630498993916989,0.04258890656280093
-0.02545321180791387,0.047424015485006896
-0.024504731498213733,0.0520404176917396
-0.02346392314437894,0.056420959814464954
-0.02233550394808964,0.060549534845196096
-0.02112451325118572,0.06441114028636206
-0.01983629044545848,0.06799193153373559
-0.018476451814783766,0.07127927030748993
-0.01705086640863397,0.07426176796737179
-0.015565631049286533,0.07692932356942486
-0.014027044577898036,0.07927315654358792
-0.012441581447026277,0.08128583389373165
-0.010815864769151645,0.08296129184419959
-0.009156638932267654,0.08429485187958792
-0.007470741894675895,0.08528323114724558
-0.005765077271730984,0.0859245472147083
-0.004046586327436818,0.08621831719690741
-0.002322219983498669,0.0861654512904257
-0.0005989109576901551,0.08576824077422118
0.0011164538577942687,0.085030340558017
0.002817060668954609,0.08395674638087798
0.004496195596572168,0.08255376678327828
0.006147270932237734,0.08082898999613106
0.007763850732160355,0.0787912459097222
0.0093396756503548,0.0764505633041929
0.010868686916438658,0.07381812254108001
0.012345049367260259,0.07090620393238148
0.013763173445907889,0.0677281320196056
0.015117736086300002,0.06429821601022798
0.01640370040650456,0.060631686632865694
0.017616334139161874,0.05674462968523612
0.018751226732866597,0.052653916560551385
0.019804305064077623,0.04837713204837255
0.020771847705045074,0.0439324997150733
0.02165049769934654,0.03933880517691355
0.02243727380288481,0.034615317585275106
0.023129580154590313,0.02978170964884539
0.02372521434756722,0.02485797652143887
0.024222373877995997,0.01986435388671104
0.02461966095573022,0.01482123557224473
0.024916085667175115,0.009749091025376237
0.025111067487682638,0.0046683829816874505
0.025204435147316386,-0.0004005143456659527
0.025196424860403067,-0.0054373962316725715
0.025087676935769614,-0.01042230724143646
0.024879230790940884,-0.01533561955617602
0.024572518399817365,-0.02015810951880244
0.024169356209441314,-0.02487103210357789
0.023671935567369757,-0.029456193024430376
0.02308281170688115,-0.03389601820766003
0.02240489134272795,-0.03817362036695966
0.021641418935388755,-0.04227286243183566
0.020795961686752042,-0.04617841759459505
0.01987239333486014,-0.04987582575599951
0.018874876819740153,-0.053351546165411545
0.01780784589643192,-0.05659300606770546
0.016675985775077812,-0.05958864518631479
0.015484212871351516,-0.062327955889467206
0.014237653753562172,-0.06480151890484284
0.012941623375465314,-0.06700103446650685
0.011601602686135177,-0.06891934879693484
0.01022321571019648,-0.07055047584619253
0.00881220619327263,-0.0718896142297699
0.007374413908677232,-0.07293315932612673
0.005915750722154698,-0.07367871051460091
0.00444217651186268,-0.07412507355388584
0.0029596750407849632,-0.07427225812071951
0.001474229878370573,-0.07412147054766931
-8.199532582813321e-06,-0.07367510181786673
-0.0014817015689401478,-0.0729367108931715
-0.002940435786803578,-0.07191100347045175
-0.004378655856212613,-0.07060380627838651
-0.005790731981780343,-0.06902203704436012
-0.0071711727226675456,-0.06717367027756045
-0.008514646128218754,-0.06506769903025134
-0.009816000108823782,-0.06271409281430507
-0.011070281965109882,-0.06012375186439726
-0.012272757002397827,-0.05730845795273131
-0.013418926161452453,-0.05428082197272443
-0.014504542600906941,-0.05105422852070669
-0.015525627171321076,-0.04764277771531824
-0.01647848272562744,-0.04406122450390084
-0.017359707215705455,-0.040324915713736344
-0.018166205529980183,-0.03644972511345789
-0.01889520003224934,-0.032451986756327274
-0.019544239767375887,-0.028348426882314134
-0.02011120830502217,-0.024156094660015816
-0.020594330198222485,-0.019892292052411224
-0.02099217603927071,-0.015574503092242613
-0.021303666101115563,-0.011220322853466044
-0.021528072558184883,-0.00684738640470827
-0.02166502028627905,-0.0024732980290242098
-0.021714486246859534,0.0018844390085218429
-0.021676797466689098,0.006208491867808532
-0.021552627629332927,0.010481766442468267
-0.021342992300483563,0.01468747430391017
-0.02104924281440536,0.018809198020967782
-0.020673058853986,0.022830954603639177
-0.020216439761913216,0.02673725682839999
-0.019681694625345216,0.03051317221249863
-0.019071431181095243,0.03414437941544269
-0.01838854359278639,0.037617221857507314
-0.01763619915563624,0.040918758357489524
-0.01681782398848645,0.04403681060504188
-0.015937087776385615,0.046960007296688755
-0.01499788763045184,0.04967782477899899
-0.01400433113487186,0.05218062405729937
-0.012960718653725873,0.054459684043700746
-0.011871524972851858,0.05650723093400891
-0.01074138035417168,0.058316463619239194
-0.009575051081786896,0.059881575053881135
-0.008377419580709273,0.061197769519699706
-0.007153464190315279,0.062261275740644564
-0.005908238675502388,0.06306935582130117
-0.004646851559076365,0.06362030999818864
-0.0033744453591125914,0.06391347721002202
-0.0020961758149121512,0.06394923150974433
-0.0008171911847172648,0.06372897435762931
0.00045738830243532134,0.06325512285099646
0.0017224907594552506,0.06253109396199943
0.002973112638695239,0.06156128487048839
0.004204338336105007,0.06035104949404446
0.005411359325985896,0.058906671331883015
0.006589492752623557,0.05723533275336701
0.007734199407690897,0.05534508087530863
0.00884110102519707,0.05324479018501736
0.009905996828897418,0.050944122078127776
0.010924879270459974,0.048453481491567016
0.011893948900291315,0.04578397082255935
0.012809628316742502,0.04294734133427549
0.013668575143428011,0.03995594225758423
0.014467693988579696,0.03682266780632279
0.015204147344706152,0.033560902330543624
0.015875365391317023,0.030184463838296958
0.01647905466808296,0.026707546121650584
0.017013205590515973,0.023144659726817486
0.017476098785052324,0.019510572011446115
0.017866310225281245,0.015820246534321188
0.018182715155967668,0.012088782023921725
0.018424490796446102,0.008331351172488973
0.01859111781989588,0.004563139501474862
0.01868238060992538,0.0007992845424809373
0.018698366300775,-0.0029451844249289492
0.01863946261227642,-0.00665540584083466
0.018506354495459728,-0.010316744304881598
0.018300019609362096,-0.013914847760924729
0.0180217226541436,-0.0174357032051879
0.017673008590039844,-0.020865690703964743
0.017255694775960548,-0.024191635514933064
0.016771862065661888,-0.027400858114975845
0.016223844903362372,-0.030481221946958466
0.015614220464423203,-0.03342117870816136
0.014945796890259976,-0.03620981101396439
0.014221600669980688,-0.03883687228187674
0.013444863224343153,-0.041292823693054106
0.012619006750482071,-0.0435688681009922
0.011747629388462227,-0.04565698077007869
0.010834489773060653,-0.04754993684007035
0.009883491036259247,-0.04924133542628178
0.008898664327733612,-0.05072562027927081
0.007884151922148195,-0.05199809694202482
0.006844189983307699,-0.05305494635703421
0.005783091056167014,-0.05389323489012541
0.004705226358364506,-0.05451092075245756
0.003615007943315355,-0.054906856816605884
0.0025168708069832372,-0.0550807898371029
0.0014152550102411792,-0.055033356100128515
0.0003145878882386088,-0.054766073541175464
-0.0007807335825849005,-0.05428133038341143
-0.001866360190253129,-0.053582370363060336
-0.002938007597514336,-0.05267327462137911
-0.003991473089941918,-0.05155894035566245
-0.0050226518970551675,-0.05024505633411744
-0.006027553023737516,-0.04873807539136523
-0.007002314531564821,-0.04704518403270407
-0.007943218212218902,-0.045174269286064064
-0.008846703597940184,-0.04313388295075964
-0.009709381256955377,-0.04093320340166401
-0.010528045324988657,-0.03858199511625629
-0.011299685227313783,-0.036090566100096
-0.012021496549315702,-0.03346972339363228
-0.012690891017188347,-0.030730726849832815
-0.013305505554185004,-0.027885241377896816
-0.01386321038174294,-0.024945287853280845
-0.014362116138808558,-0.02192319289839945
-0.014800579996776546,-0.018831537741653744
-0.015177210751609622,-0.015683106364881898
-0.01549087287890726,-0.012490833150911155
-0.015740689541925482,-0.00926775024362059
-0.015926044546797895,-0.006026934832799287
-0.01604658324345388,-0.002781456575111714
-0.016102212374956116,0.00045567463933018004
-0.01609309888216951,0.003671560367928102
-0.016019667674810948,0.006853464540682724
-0.015882598383997294,0.009988863430238087
-0.015682821115392532,0.013065494472735166
-0.015421511225937828,0.016071403751086323
-0.015100083150916101,0.018994991958763027
-0.014720183311740841,0.02182505866935862
-0.014283682138353668,0.024550844745013203
-0.013792665243453404,0.027162072725233806
-0.013249423788948727,0.029648985046672148
-0.012656444088015284,0.03200237995399517
-0.01201639648893538,0.034213644972058276
-0.011332123589494215,0.03627478782012477
-0.01060662783309172,0.038178464659822366
-0.009843058539895273,0.039918005579842486
-0.009044698428298423,0.04148743723202312
-0.008214949683657961,0.04288150254536257
-0.00735731963275071,0.04409567745664054
-0.006475406083617899,0.045126184608624276
-0.005572882391445413,0.04597000397926161
-0.0046534823118601805,0.04662488041775808
-0.003720984703505019,0.047089328075952536
-0.002779198141985968,0.047362631735894015
-0.001831945507268088,0.04744484504693227
-0.0008830486063294426,0.047336785697916564
6.368710762888875e-05,0.04704002756220329
0.0010044876588729545,0.046556889865055476
0.001935625456174064,0.04589042343463033
0.002853433924866671,0.045044394109049216
0.0037543218070476554,0.044023263382985386
0.004634787074707363,0.042832166387746
0.005491430402462283,0.04147688730892707
0.006320968148640825,0.03996383235534534
0.007120244795747732,0.03830000040206372
0.007886244803789006,0.03649295143889354
0.008616103832566877,0.034550772963746805
0.009307119291841812,0.032482044467595964
0.009956760181193732,0.03029580016455164
0.010562676184484764,0.02800149012666738
0.011122705987018111,0.025608939988503752
0.011634884786788187,0.02312830939121509
0.012097450974612489,0.0205700493399453
0.012508851961411395,0.01794485865162335
0.012867749134443862,0.015263639672824836
0.013173021927900359,0.012537453449207816
0.013423770996884516,0.009777474529135665
0.013619320487467229,0.006994945584467405
0.013759219399156577,0.004201132031129285
0.013843242039779163,0.001407276830986676
0.013871387576398896,-0.001375444345279024
0.013843878689493315,-0.004135967417106014
0.013761159341151194,-0.006863383480833617
0.013623891671534522,-0.00954698151425552
0.013432952041249412,-0.012176290033419869
0.013189426240581014,-0.014741117541335553
0.012894603889754302,-0.0172315916140384
0.012549972057473534,-0.019638196475848878
0.012157208127956556,-0.021951808922585095
0.011718171949504854,-0.024163732458950555
0.011234897300325843,-0.02626572952426202
0.010709582709840602,-0.02825005168908457
0.01014458167605891,-0.030109467714161845
0.009542392321775672,-0.03183728937223201
0.008905646534331032,-0.03342739494286482
0.008237098635473736,-0.034874250300302376
0.007539613629467689,-0.0361729275243941
0.006816155078979806,-0.037319120975043696
0.006069772659478933,-0.03830916078108922
0.005303589443857148,-0.039140023705174116
0.004520788969753666,-0.039809341356893804
0.0037246021426157894,-0.0403154057372756
0.0029182940278702774,-0.040657172108426
0.002105150585701757,-0.0408342591929158
0.0012884654018434413,-0.04084694671812699
0.0004715264674809014,-0.04069617033131441
-0.0003423969391453868,-0.040383513921497444
-0.0011500672175753356,-0.039911199394453395
-0.0019482912054644035,-0.03928207395699379
-0.002733932684604279,-0.03849959497633097
-0.0035039245841308984,-0.03756781248964681
-0.004255280833923835,-0.03649134944792416
-0.004985107822882318,-0.035275379786660156
-0.005690615418615521,-0.03392560442421709
-0.006369127507099863,-0.03244822529625181
-0.007018092013024899,-0.03084991754186932
-0.0076350903638622855,-0.029137799963845648
-0.008217846363139198,-0.027319403891434734
-0.008764234440967893,-0.025402640579892548
-0.009272287252565745,-0.023395767285900045
-0.009740202598283745,-0.021307352162527896
-0.010166349641534303,-0.019146238121245867
-0.010549274403959221,-0.016921505811726547
-0.010887704520193752,-0.014642435872817437
-0.0111805532376501,-0.012318470610050512
-0.011426922649851111,-0.009959175256419987
-0.01162610615497951,-0.007574198973885564
-0.011777590134457222,-0.005173235753150806
-0.01188105484952024,-0.0027659853687278524
-0.011936374556894795,-0.0003621145451365255
-0.011943616847797526,0.002028781511693799
-0.011903041217563649,0.004397217066136367
-0.011815096876240922,0.006733853138987734
-0.011680419813461167,0.009029533982846042
-0.011499829133804247,0.011275322605709815
-0.01127432268169005,0.013462535206413566
-0.011005071977561778,0.015582774390687441
-0.01069341648974803,0.017627961042292924
-0.010340857268902172,0.0195903647298196
-0.00994904997430578,0.02146263253630184
-0.009519797323579743,0.023237816205799976
-0.009055040999463743,0.024909397508457925
-0.008556853049294584,0.026471311733266095
-0.008027426814629262,0.02791796922579235
-0.007469067430113416,0.02924427489646028
-0.00688418193218421,0.030445645633518363
-0.006275269019513842,0.031518025563620024
-0.005644908508241442,0.032457899111886596
-0.0049957505260037095,0.03326230182241602
-0.004330504489555389,0.0339288289093926
-0.003651927911367537,0.03445564151820975
-0.002962815081003342,0.034841470685301155
-0.002265985667297319,0.035085618994648814
-0.0015642732874043427,0.03518795993816179
-0.0008605140886411069,0.03514893499626104
-0.00015753538871588607,0.03496954846402665
0.0005418555805646469,0.03465136005712956
0.001234882781707238,0.03419647534044533
0.0019188122885161448,0.03360753403069943
0.0025909629691301334,0.03288769623268921
0.0032487168937839176,0.03204062667653629
0.0038895294273146434,0.031070477031014142
0.004510938967934927,0.02998186637524107
0.005110576295439748,0.028779859917901673
0.005686173493797781,0.027469946059634705
0.006235572414990476,0.026058011900278802
0.006756732652996052,0.02455031729827792
0.007247738998961611,0.02295346759469593
0.007706808350855529,0.021274385118956646
0.008132296053234662,0.019520279597595974
0.008522701645186582,0.017698617590973083
0.008876673997006044,0.015817091086026035
0.009193015818726565,0.013883585375764566
0.009470687526241856,0.011906146358261607
0.009708810453407088,0.009892947389430619
0.0099066694011957,0.007852255824854895
0.010063714517692798,0.005792399386367206
0.010179562505420143,0.0037217324889649737
0.010253997155199443,0.001648602662991295
0.010286969208459269,-0.0004186827946785071
0.0102785955525657,-0.0024718898084235765
0.010229157756397229,-0.004502890020852481
0.010139099955980179,-0.0065036926719234025
0.01000902610254171,-0.008466475736400204
0.009839696587813706,-0.010383616199544544
0.009632024263822815,-0.01224771935511184
0.00938706987672058,-0.014051647014325284
0.009106036936434074,-0.01578854451952615
0.00879026604604355,-0.017451866461617702
0.008441228716811196,-0.019035401006210234
0.008060520696686991,-0.02053329273951037
0.007649854841896783,-0.021940063951452666
0.00721105356286773,-0.023250634280317498
0.00674604087726138,-0.02446033865008787
0.006256834104259623,-0.025564943439039266
0.005745535235478837,-0.0265606608255008
0.005214322018968822,-0.02744416126434156
0.004665438793681991,-0.02821258405549191
0.004101187112572152,-0.02886354597367339
0.0035239161930986844,-0.029395147936451087
0.0029360132343696625,-0.029805979695706312
0.0023398936404555363,-0.03009512254562318
0.0017379911895430726,-0.030262150048258055
0.0011327481885779114,-0.03030712678568409
0.0005266056528642296,-0.030230605155542833
-7.800645024662713e-05,-0.03003362023456025
-0.0006786788549378322,-0.02971768274216532
-0.0012730325097811386,-0.029284770143756102
-0.0018587279126562606,-0.028737315940362315
-0.002433474231463507,-0.02807819719842744
-0.002995038175432056,-0.027310720380150463
-0.003541252583035065,-0.026438605541262546
-0.004070024693860316,-0.025465968969242907
-0.004579344073245174,-0.024397304340778414
-0.005067290160060742,-0.023237462482721596
-0.005532039409715174,-0.02199162982588223
-0.0059718720062328185,-0.020665305645680372
-0.006385178119146426,-0.019264278187977005
-0.006770463682905966,-0.01779459978226795
-0.007126355678551325,-0.016262561047864076
-0.007451606899508607,-0.01467466430167517
-0.00774510018554211,-0.013037596278756697
-0.008005852111117245,-0.011358200278860708
-0.008233016116694459,-0.009643447853848651
-0.008425885073771433,-0.007900410151971272
-0.008583893276810858,-0.006136229035697273
-0.008706617857524803,-0.004358088089978129
-0.008793779619324366,-0.0025731836375733866
-0.008845243292075833,-0.0007886958773327792
-0.008861017209622488,0.0009882397398557155
-0.008841252414825375,0.0027505607843816564
-0.008786241199137741,0.004491305659502915
-0.008696415085947684,0.006203640842735434
-0.008572342269092975,0.007880887451497617
-0.008414724520063022,0.009516547030801237
-0.008224393579446997,0.011104326464505829
-0.00800230705015688,0.01263816191575017
-0.007749543811841877,0.014112241706624045
-0.007467298977709396,0.015521028051926181
-0.0071568784166708725,0.0168592775669488
-0.006819692865331897,0.018122060474613486
-0.006457251655839627,0.019304778442933733
-0.006071156086980952,0.02040318098967232
-0.0056630924671875055,0.021413380397171788
-0.00523482485924407,0.02233186508663757
-0.0047881875575113185,0.02315551140762001
-0.004325077329358919,0.023881593805046075
-0.0038474454532579972,0.024507793332867397
-0.0033572895866006494,0.02503220449019032
-0.002856645496796843,0.02545334036260855
-0.0023475786895446717,0.02577013605834183
-0.001832175968377835,0.025981950435667346
-0.001312536959664488,0.02608856612498624
-0.0007907656371647632,0.026090187855669276
-0.00026896188005137776,0.025987439104545536
0.00025078690203953293,0.025781357089510355
0.0007664140438297401,0.025473386138207346
0.0012758817665938869,0.025065369468059324
0.0017771891559550733,0.024559539420059954
0.0022683799443562725,0.023958506194668338
0.002747550068249639,0.0232652451438504
0.003212854971126647,0.022483082678761968
0.003662516624701887,0.02161568085774902
0.004094830241856867,0.020667020724231152
0.0045081706563414896,0.019641384468617466
0.004900998345713839,0.018543336492662994
0.005271865075567098,0.017377703458593595
0.0056194191447389704,0.01614955340889424
0.0059424102129168556,0.014864174045857503
0.006239693693834005,0.013527050262815556
0.006510234699090316,0.0121438410214206
0.006753111519518728,0.010720355671388331
0.006967518632946495,0.009262529810770703
0.00715276922916191,0.007776400786073697
0.007308297244883384,0.006268082932380578
0.007433658903530995,0.004743742654080094
0.007528533756612597,0.0032095734468330942
0.007592725225549259,0.0016717709610422436
0.0076261606447701035,0.0001365082063219691
0.007628890808896543,-0.0013900890046952717
0.0076010890288026375,-0.0029019662764276275
0.007543049703274085,-0.004393164419423879
0.007455186414885608,-0.005857842715884458
0.007338029560567919,-0.0072903015717027345
0.007192223529133864,-0.008685004468099292
0.007018523439771878,-0.010036599129245071
0.006817791457186977,-0.011339937825906997
0.006590992700668837,-0.012590096739085323
0.00633919076588713,-0.013782394311828237
0.006063542879650566,-0.01491240852188738
0.0057652947092128185,-0.01597599301259862
0.0054457748489608465,-0.0169692920243152
0.0051063890084745425,-0.017888754073864217
0.004748613926997258,-0.018731144334820482
0.004373991040300848,-0.019493555676871728
0.003984119926763414,-0.02017341832816318
0.00358065156020015,-0.02076850813023423
0.0031652813975954655,-0.02127695336097192
0.002739742330376027,-0.021697240106881295
0.0023057975282384014,-0.022028216171887688
0.0018652332048006478,-0.02226909351581649
0.001419851334484318,-0.022419449221618454
0.000971462350051949,-0.022479224996299133
0.0005218778501259664,-0.02244872521634653
7.290334579903576e-05,-0.022328613534208258
-0.00037366892488512943,-0.02211990806802598
-0.000816067086245649,-0.021823975202368697
-0.001252546590293023,-0.02144252203309588
-0.0016813970309549407,-0.020977587494706317
-0.002100948780849067,-0.020431532213568266
-0.0025095794251204324,-0.01980702713526277
-0.002905719967825688,-0.019107040978886058
-0.003287860787403409,-0.018334826575532058
-0.0036545573189140502,-0.017493906152296054
-0.004004435441959971,-0.016588055626990283
-0.0043361965544997765,-0.015621287982328386
-0.004648622314146344,-0.014597835791605148
-0.004940579029978447,-0.013522132970859828
-0.005211021689395644,-0.012398795835155539
-0.005458997606098755,-0.011232603538924855
-0.005683649676877252,-0.010028477982315855
-0.005884219236523569,-0.008791463267117246
-0.0060600485018659144,-0.007526704787141359
-0.006210582597608741,-0.0062394280388967625
-0.006335371158386676,-0.004934917238986047
-0.006434069503166397,-0.0036184938349188506
-0.006506439379864774,-0.0022954949959363823
-0.006552349279783502,-0.0009712521700040635
-0.006571774323183583,0.0003489302076526777
-0.00656479571903053,0.0016597957702128678
-0.006531599803626272,0.0029561569563168453
-0.0064724766644999356,0.004232915347478931
-0.006387818357550357,0.005485081526904129
-0.006278116727012274,0.006707794383145159
-0.006143960839349372,0.007896339784716162
-0.005986034043655049,0.009046168554738875
-0.005805110672560271,0.010152913677922495
-0.005602052399001821,0.011212406675655325
-0.005377804265488714,0.012220693088699136
-0.005133390403714732,0.013174047010909887
-0.004869909463496534,0.014068984621543735
-0.004588529771065659,0.014902276668027604
-0.004290484237705107,0.01567095985556046
-0.003977065040593898,0.016372347104545878
-0.0036496180985029804,0.0170040366416192
-0.003309537365670596,0.017563919894903603
-0.002958258967772524,0.018050188169088686
-0.0025972552043907506,0.018461338080952305
-0.0022280284427717047,0.01879617574102093
-0.001852104927951286,0.019053819672165063
-0.0014710285345079846,0.019233702461033668
-0.0010863544852873113,0.019335571143324928
-0.0006996430624208127,0.01935948632894914
-0.00031245333584182985,0.019305820078143812
7.36630657210464e-05,0.01917525254453074
0.00045716811661166123,0.018968767405941223
0.0008365434647304857,0.01868764610855948
0.0012102963869016752,0.018333460954527786
0.0015769656059922308,0.017908067067602174
0.0019351269473442743,0.017413593275727706
0.0022833988128588283,0.016852431953501574
0.00262044745192886,0.016227227871394793
0.002944992009356756,0.015540866102295074
0.003255809331402657,0.014796459039400772
0.0035517385121906727,0.013997332582726233
0.0038316851638451974,0.013147011554460837
0.004094625394934414,0.012249204406147188
0.004339609483057358,0.011307787283098834
0.004565765228719335,0.010326787513656373
0.004772300978992463,0.009310366592775942
0.004958508310847981,0.00826280273104969
0.005123764365468975,0.007188473041569596
0.005267533826300367,0.006091835438060104
0.005389370535061569,0.0049774103184194295
0.005488918741429957,0.0038497621082229216
0.005565913983594416,0.0027134807388547004
0.005620183598371509,0.00157316313474727
0.005651646861066455,0.00043339478372549523
0.005660314756740965,-0.0007012685363250509
0.005646289386014464,-0.0018263188023099936
0.005609763009968264,-0.002937313491489787
0.0055510167401384685,-0.0040298929585685424
0.005470418880967097,-0.005099797377010551
0.005368422933426886,-0.006142883179433865
0.005245565269838209,-0.007155138934324904
0.005102462491151711,-0.008132700598949298
0.0049398084791727245,-0.009071866091190147
0.004758371157348921,-0.00996910912611279
0.0045589889748266655,-0.010821092266321447
0.004342567129500236,-0.011624679138623566
0.004110073546727765,-0.012376945773137377
0.0038625346312650176,-0.013075191024751557
0.0036010308107699866,-0.013716946040757044
0.0033266918899548456,-0.014299982742503471
0.003040692235104776,-0.014822321293069405
0.002744245809243388,-0.015282236527159666
0.002438601078700195,-0.015678263323736747
0.00212503581222546,-0.016009200906239418
0.0018048517941006716,-0.016274116059622114
0.0014793694729082294,-0.01647234525784603
0.001149922567751309,-0.016603495699849213
0.0008178526537543246,-0.016667445256400983
0.000484503748626305,-0.01666434133458784
0.0001512169219345482,-0.01659459867096722
-0.00018067505148479623,-0.01645889606864446
-0.0005098529728576853,-0.016258172097661054
-0.0008350164148109064,-0.015993619782112906
-0.0011548888104531644,-0.015666680301329595
-0.0014682224164797564,-0.015279035736225667
-0.0017738031312042697,-0.014832600895567458
-0.002070455149115619,-0.01432951426037093
-0.0023570454343230375,-0.013772128087944096
-0.0026324879960819194,-0.013162997720200048
-0.0028957479504859206,-0.012504870143781663
-0.003145845353361554,-0.011800671852246663
-0.0033818587904064874,-0.011053496063051884
-0.0036029287116675253,-0.010266589344340068
-0.0038082604985543267,-0.009443337708563163
-0.00399712725272559,-0.008587252231766665
-0.004168872297360924,-0.00770195425890388
-0.004322911382539001,-0.006791160256842656
-0.004458734587675854,-0.005858666377766429
-0.004575907915231182,-0.004908332796453594
-0.004674074571160254,-0.003944067885442821
-0.004752955928869111,-0.002969812292356342
-0.004812352174716238,-0.001989522983658956
-0.004852142634389417,-0.0010071573188791187
-0.004872285780766999,-2.66572188124441e-05
-0.004872818925143249,0.0009480665095290804
-0.004853857594952667,0.0019131496294624395
-0.004815594602363418,0.0028647896521583486
-0.004758298809320251,0.003799260676109449
-0.0046823135957980615,0.004712927831212405
-0.004588055039173813,0.005602261272059894
-0.0044760098137326156,0.006463849667174057
-0.004346732820389134,0.0072944131332488395
-0.004200844557724157,0.008090815565994178
-0.004039028246404274,0.008850076321879067
-0.0038620267199666923,0.009569381207941131
-0.0036706390958078697,0.01024609273985506
-0.0034657172410107687,0.010877759631618083
-0.003248162048378407,0.011462125483504056
-0.003018919538708326,0.011997136638344697
-0.002778976805941432,0.012480949179702916
-0.0025293578223473737,0.012911935049094173
-0.00227111912136549,0.013288687263072706
-0.002005345376104036,0.013610024214715077
-0.0017331448918097344,0.013874993047788733
-0.0014556450308539598,0.014082872095672792
-0.001173987588940504,0.014233172380886856
-0.0008893241413227669,0.014325638174866089
-0.0006028113778254452,0.01436024662138198
-0.00031560644539780557,0.01433720643073325
-2.8862316783140568e-05,0.014256955655505478
0.000256276796326969,0.01412015856230705
0.00053867996757311,0.013927701617418586
0.0008172339999214817,0.013680688607729778
0.0010908477720760772,0.013380434921668185
0.001358456470509441,0.013028461018036288
0.0016190256908701667,0.012626485113754037
0.0018715553931452475,0.012176415124442463
0.0021150836956340966,0.011680339894568988
0.002348690493525476,0.011140519756496478
0.0025715008886554058,0.010559376460226418
0.0027826884178599343,0.009939482517893073
0.0029814780682177956,0.009283550009142156
0.0031671490684006386,0.008594418895407175
0.003339037446308782,0.007875044892772975
0.0034965383441642414,0.0071284869545834885
0.003639108083255911,0.006357894416204805
0.0037662659715800074,0.005566493855391575
0.003877595848687839,0.004757575722521658
0.0039727473631382725,0.003934480795558874
0.00405143697904945,0.0031005865149756305
0.004113448709348963,0.002259293254015984
0.004158634574429282,0.0014140105796060314
0.004186914786021403,0.0005681435589241144
0.004198277657199886,-0.00027492083386940756
0.0041927792405224975,-0.001111827156970691
0.004170542697383084,-0.0019392647335054838
0.004131757402712974,-0.002753980625647046
0.004076677790200033,-0.0035527922999331702
0.00400562194420137,-0.004332599934973845
0.003918969945501893,-0.005090398324464381
0.0038171619790126057,-0.005823288330320116
0.0037006962124062036,-0.006528487842819436
0.0035701264555498147,-0.007203342206872482
0.003426059611412365,-0.00784533407591372
0.0032691529298940905,-0.008452092657437056
0.0031001110767453492,-0.009021402316841504
0.002919683030408519,-0.009551210509022159
0.002728658820228076,-0.01003963501001364
0.0025278661200278034,-0.01048497042395912
0.002318166711548621,-0.01088569394372509
0.0021004528326741194,-0.011240470346597562
0.001875643425742168,-0.01154815620966641
0.0016446803015488399,-0.01180780333271818
0.0014085242348944762,-0.012018661359700766
0.001168151007700461,-0.012180179593082653
0.000924547415838808,-0.01229200799869192
0.0006787072558649696,-0.012353997401872763
0.0004316273078275143,-0.012366198879027028
0.00018430333024697373,-0.01232886235180226
-6.227391678907148e-05,-0.012242434394333632
-0.0003071226046757441,-0.01210755526703248
-0.0005492737100163937,-0.011925055193427007
-0.0007877748138849339,-0.01169594989948946
-0.001021693811874723,-0.011421435437717578
-0.0012501225206290746,-0.011102882320965457
-0.0014721801670483838,-0.010741828993629987
-0.0016870167469209836,-0.01033997467028401
-0.0018938162403266637,-0.009899171574196973
-0.0020917996718106033,-0.009421416610389671
-0.0022802280040183968,-0.008908842509923654
-0.00245840485421687,-0.008363708484020738
-0.002625679023897285,-0.007788390428337157
-0.002781446832464028,-0.0071853707192743276
-0.002925154246849515,-0.006557227645588778
-0.0030562987997612904,-0.005906624519762987
-0.0031744312901565504,-0.005236298514613099
-0.0032791572604488122,-0.004549049271435658
-0.0033701382458775253,-0.003847727326631539
-0.0034470927924101563,-0.0031352224041897186
-0.0035097972404939505,-0.0024144516216657898
-0.0035580862729272665,-0.0016883476573503417
-0.0035918532260742733,-0.0009598469261913846
-0.003611050164598101,-0.0002318778117146159
-0.003615687720832393,0.0004926509993221506
-0.0036058347008459503,0.0012108620334954079
-0.0035816174601760423,0.001919920353329644
-0.0035432190531094494,0.0026170446418315564
-0.0034908781602728182,0.0032995180060351307
-0.0034248878001521157,0.003964698458029343
-0.003345593830991529,0.0046100290334794725
-0.0032533932503219396,0.005233047509342984
-0.00314873230013508,0.005831395684313942
-0.0030321043864488012,0.006402828187497819
-0.0029040478226988447,0.006945220782912601
-0.0027651434070405925,0.0074565781396232446
-0.0026160118442481277,0.00793504103963513
-0.002457311023455425,0.008378892998088404
-0.002289733163493657,0.008786566272798606
-0.0021140018380376847,0.009156647242769352
-0.0019308688931822977,0.009487881137949196
-0.0017411112704233138,0.009779176105206164
-0.0015455277483191906,0.010029606598238766
-0.0013449356163544152,0.010238416081920216
-0.0011401672947160108,0.010405019044371897
-0.0009320669138285729,0.010529002312871379
-0.0007214868675711453,0.01061012567250838
-0.0005092843541209776,0.010648321789297525
-0.0002963179183350271,0.010643695442228747
-8.344400949045216e-05,0.010596522071473465
0.00012848643193901714,0.010507245652656821
0.0003386313449921536,0.01037647590974245
0.0005461608631870025,0.010204984881646595
0.0007502605608199344,0.009993702860192728
0.000950134618023789,0.009743713719426814
0.0011450088924123253,0.009456249658627788
0.0013341338855848812,0.009132685383559045
0.001516787593256062,0.00877453175260648
0.0016922782283081915,0.008383428916429202
0.0018599468066367755,0.00796113898160327
0.002019169586268841,0.007509538230459883
0.002169360350878039,0.007030608930901515
0.002309972529496069,0.006526430771416893
0.002440501144924407,0.00599917195780351
0.002560484584080477,0.005451080009240594
0.002669506184265289,0.0048844722923320925
0.002767195630111931,0.0043017263325557135
0.0028532301567630453,0.0037052699432077703
0.0029273355556272006,0.0030975712124230834
0.0029892869798756622,0.0024811283891734122
0.0030389095476591305,0.0018584597093065456
0.0030760787418452613,0.001232093202681654
0.0031007206058988944,0.0006045565222857852
0.00311281173634461,-2.1633164116851688e-05
0.003112379073062273,-0.0006439791797446052
0.003099499489467381,-0.0012600152025596138
0.003074299185416189,-0.001867314948427494
0.003036952886447639,-0.002463501636026457
0.00298768285372711,-0.0030462571969557205
0.0029267577097879956,-0.0036133311957315855
0.0028544910858733638,-0.004162549425731869
0.0027712400973587265,-0.004691822148649223
0.002677403654385742,-0.0051991519466344765
0.002573420615453052,-0.00568264115804528
0.0024597677922921467,-0.006140498869555438
0.002336957814901038,-0.0065710474393183135
0.0022055368661146714,-0.0069727285279053385
0.002066082295556565,-0.007344108615849219
0.0019192001232395805,-0.00768388398880204
0.0017655224434635396,-0.007990885173561935
0.0016057047399923008,-0.008264080810519023
0.0014404231237819204,-0.008502580950412293
0.0012703715047736744,-0.008705639765664554
0.0010962587094603834,-0.008872657668962643
0.0009188055560811305,-0.009003182834165093
0.0007387418993978287,-0.009096912117039668
0.0005568036570570353,-0.009153691375748837
0.0003737298295420586,-0.009173515193402756
0.00019025952567400345,-0.00915652600737714
7.1290055264606425e-06,-0.00910301265243817
-0.00017493124752230275,-0.00901340832701908
-0.00035519941406268437,-0.00888828799424443
-0.000532965173947573,-0.00872836523148945
-0.000707532478577362,-0.00853448854438504
-0.0008782222494650628,-0.008307637163225717
-0.0010443749927295772,-0.008048916341700447
-0.0012053533195635863,-0.007759552179737527
-0.0013605443631583367,-0.0074408859940274345
-0.0015093620830388854,-0.007094368261455493
-0.0016512494482679952,-0.0067215521622331605
-0.0017856804915126585,-0.00632408675095723
-0.001912162226531803,-0.005903709785145126
-0.0020302364222347055,-0.005462240241987314
-0.0021394812270744516,-0.005001570555120499
-0.0022395126381768615,-0.004523658604154404
-0.0023299858102599495,-0.004030519490477488
-0.0024105962000694993,-0.0035242171335207236
-0.002481080542739914,-0.0030068557221716165
-0.002541217657183346,-0.0024805710564019174
-0.0025908290783113845,-0.001947521814401229
-0.002629779514599409,-0.0014098807805949397
-0.002657977130211308,-0.0008698260698691083
-0.00267537365160869,-0.0003295323831281555
-0.0026819642992712534,0.00020883767102486417
-0.002677787545850756,0.0007431421541688663
-0.0026629247027673787,0.001271268241797329
-0.002637499337931432,0.0017911404999328316
-0.0026016765279327754,0.0023007289625197897
-0.0025556619486823795,0.002798056978481147
-0.0024997008091127565,0.0032812087984328115
-0.0024340766331441004,0.0037483368722710346
-0.0023591098956986796,0.004197668830177144
-0.0022751565190951366,0.004627514121015109
-0.0021826062366748344,0.005036270283623985
-0.0020818808310023545,0.005422428828122713
-0.0019734322544399004,0.005784580706041957
-0.0018577406403190613,0.006121421349869517
-0.001735312213321671,0.006431755264434635
-0.0016066771080329783,0.006714500154454623
-0.001472387104943886,0.0069686905745166726
-0.0013330132934535526,0.007193481089760283
-0.001189143671658347,0.007388148937553391
-0.001041380692907279,0.007552096182509526
-0.0008903387692570885,0.0076848513592658865
-0.0007366417420717708,0.007786070599524645
-0.0005809203300812779,0.007855538241943754
-0.00042380956524240283,0.007893166925540571
-0.0002659462267315914,0.007898997169333646
-0.00010796628334491847,0.007873196442986627
4.949764551481409e-05,0.007816057735225744
0.00020581880021932898,0.007727997628770524
0.0003603787527947395,0.007609553892438952
0.0005125698306435185,0.007461382602955615
0.0006617974827026309,0.007284254810797355
0.000807482578918578,0.007079052766148855
0.0009490636342415551,0.006846765722703651
0.001085998948695628,0.006588485338628303
0.0012177686554681942,0.006305400695502894
0.001343876669378252,0.005998792957454226
0.0014638525285273366,0.005670029694004034
0.0015772531224074174,0.0053205588913585265
0.001683664300234588,0.004951902677963457
0.001782702353793857,0.004565650791136905
0.001874015369616595,0.004163453812466765
0.0019572844458659302,0.003747016200418778
0.002032224769874306,0.003318089149241404
0.002098586552859134,0.0028784633037741286
0.0021561558189346166,0.0024299613601645605
0.002204755046137908,0.0019744305827759916
0.0022442436577934277,0.00151373526772065
0.002274518363147841,0.0010497491834847578
0.002295513346817536,0.0005843480190203419
0.002307200307197943,0.00011940186946663122
0.002309588344587276,-0.00034323221066762376
0.0023027237003739234,-0.0008017175574784028
0.0022866893492243553,-0.0012542451219784035
0.002261604446784787,-0.0016990405406034905
0.0022276236359727174,-0.002134371024554413
0.0021849362154816292,-0.0025585520415034126
0.002133765174651561,-0.0029699537641847042
0.002074366099367867,-0.0033670072614731695
0.0020070259541384037,-0.0037482104087320114
0.0019320617459637635,-0.004112133495472372
0.001849819076054316,-0.004457424509710401
0.001760670585860108,-0.004782814079824161
0.0016650143042636247,-0.005087120056197941
0.001563271903139666,-0.005369251716488686
0.001455886868809892,-0.0056282135799517324
0.0013433225972108575,-0.0058631088179141935
0.0012260604208525737,-0.006073142249177223
0.0011045975758690292,-0.006257622910855966
0.00097944511765191,-0.006415966196921212
0.0008511257937134857,-0.006547695558482382
0.0007201718825438381,-0.006652443761640255
0.000587123007311033,-0.00672995370053262
0.0004525239333003806,-0.006780078764989501
0.00031692235800059057,-0.0068027827639996815
0.00018086670272059695,-0.006798139407959803
4.4903914561400895e-05,-0.0067663313544243245
-9.042271252708559e-05,-0.006707648823792362
-0.00022457568900293283,-0.006622487793049021
-0.00035702544486391325,-0.006511347777317944
-0.00048725240041027213,-0.006374829210571982
-0.0006147489846217118,-0.006213630438384208
-0.000739021593389396,-0.006028544337076024
-0.0008595924801309164,-0.005820454575027384
-0.0009760015716314642,-0.005590331533250927
-0.0010878082022964827,-0.005339227903592125
-0.0011945927603683251,-0.005068273984096907
-0.0012959582400502634,-0.004778672692182273
-0.0013915316938939088,-0.004471694317250397
-0.0014809655802389167,-0.004148671035299111
-0.001563939000944899,-0.0038109912088983367
-0.0016401588251228657,-0.0034600934966203733
-0.0017093606950552731,-0.0030974607966295963
-0.001771309910987865,-0.0027246140496522456
-0.00182580219198091,-0.00234310592695815
-0.001872664310520073,-0.0019545144292923864
-0.0019117545991059208,-0.001560436422895448
-0.0019429633275638298,-0.0011624811388453093
-0.001966212950340736,-0.0007622636619440901
-0.0019814582235796177,-0.0003613984352565019
-0.0019886861922847475,3.8507193811986766e-05
-0.001987916048408508,0.00043585936033081643
-0.0019791988612018916,0.0008290839764092099
-0.0019626171816737076,0.0012166329088854962
-0.0019382845234959976,0.0015969900161313829
-0.0019063447231733698,0.0019686770206692687
-0.0018669711827599845,0.00233025919509725
-0.0018203659988580395,0.002680350839698274
-0.001766758982064074,0.0030176205310728996
-0.001706406571442616,0.0033407961221749854
-0.0016395906489991164,0.003648669475241759
-0.0015666172594942813,0.0039401009102891646
-0.001487815241288498,0.00421402335308513
-0.0014035347742267954,0.004469446167811978
-0.001314145850870556,0.004705458660979218
-0.0012200366776509717,0.004921233244543537
-0.0011216120127601008,0.005116028247628296
-0.0010192914478075348,0.005289190367704033
-0.0009135076404534542,0.0054401567535885
-0.0008047045053816843,0.0055684567141433055
-0.0006933353710988181,0.005673713048078209
-0.0005798611101372539,0.005755642991817191
-0.00046474825030091006,0.00581405878392647
-0.00034846707462238063,0.005848867846147387
-0.0002314897176994329,0.00586007258261039
-0.0001142882660472251,0.0058477698003241724
2.667129959258341e-06,0.005812149755530376
0.00011891012506986587,0.005753494831983221
0.00023398002170953028,0.005672177858649415
0.0003474235788825186,0.005568660075721015
0.0004587967803969389,0.005443488759187301
0.000567666555580685,0.005297294515516041
0.0006736124458910057,0.005130788259244744
0.0007762282110759006,0.004944757887474095
0.0008751233688253825,0.004740064666384174
0.0009699246621530659,0.004517639345955256
0.001060277449072171,0.004278478020065091
0.0011458470094734728,0.004023637750050006
0.001226319764474473,0.003754231970654811
0.0013014044038875692,0.0034714256980533684
0.0013708329178486365,0.0031764305602953206
0.001434361529054543,0.00287049967112264
0.0014917715224769957,0.002554922368600505
0.0015428699698490059,0.0022310188404191006
0.001587490346657388,0.0019001346580451084
0.0016254930398182901,0.0015636352421331797
0.0016567657446609537,0.0012229002817481897
0.0016812237502959175,0.000879318129998517
0.001698810112895888,0.0005342801986393483
0.001709495716868675,0.00018917537407377714
0.0017132792243501505,-0.0001546155230406957
0.0017101869138893366,-0.0004957252126803189
0.0017002724096357304,-0.0008328053433313831
0.0016836163027691027,-0.0011645317718252154
0.0016603256673325985,-0.001489609714660784
0.0016305334730393828,-0.0018067787509806958
0.001594397898019769,-0.0021148176580787653
0.0015521015448581937,-0.0024125490611019316
0.001503850563636155,-0.002698843879462551
0.001449873686046904,-0.0029726255533951565
0.0013904211749790009,-0.003232874035070586
0.0013257636942775892,-0.00347862952971568
0.0012561911036832755,-0.0037089959732740413
0.0011820111842177946,-0.003923144234277956
0.0011035482995322356,-0.004120315028778736
0.0010211419989566608,-0.004299821538397396
0.000935145568188713,-0.004461051722804754
0.0008459245337326178,-0.004603470319214449
0.0007538551273483288,-0.004726620522768828
0.0006593227168929523,-0.004830125343010806
0.0005627202100327362,-0.0049136886329592885
0.0004644464373735504,-0.004977095788636243
0.0003649045216008255,-0.005020214118224591
0.0002645002392363337,-0.00504299288136251
0.00016364038160908347,-0.005045463000396152
6.273112160116044e-05,-0.0050277364467140075
-3.7823607333119715e-05,-0.0049900053065670994
-0.0001376237134644617,-0.004932540532034804
-0.0002362745241051578,-0.004855690384021564
-0.0003333883317855891,-0.004759878575360317
-0.0004285859032927954,-0.004645602123249596
-0.0005214979457577873,-0.0045134289213585406
-0.0006117665241849582,-0.004363995042993398
-0.0006990464250448261,-0.004198001787726472
-0.0007830064607993555,-0.0040162124848402425
-0.0008633307104961604,-0.003819449067831969
-0.0009397196918527998,-0.0036085884350544172
-0.001011891460553888,-0.003384558612333313
-0.0010795826328005543,-0.0031483347340992025
-0.0011425493274825383,-0.0029009348601980994
-0.0012005680246865004,-0.0026434156460996105
-0.0012534363376084925,-0.0023768678847013143
-0.0013009736953025189,-0.002102411938332603
-0.001343021934069171,-0.001821193079888773
-0.0013794457956669464,-0.001534376762276051
-0.0014101333309124674,-0.001243143835519901
-0.0014349962076228653,-0.0009486857309822085
-0.0014539699222425094,-0.0006521996321478133
-0.0014670139148854656,-0.0003548836513778332
-0.0014741115879130223,-5.793203188696167e-05
-0.0014752702285507615,0.00023746960601451247
-0.0014705208364304712,0.0005301489556645198
-0.0014599178573171808,0.0008189516333939688
-0.0014435388246493014,0.0011027456885234653
-0.001421483910878832,0.0013804259965680909
-0.0013938753909474703,0.0016509185187781766
-0.0013608570205719068,0.001913184411779889
-0.001322593332336309,0.0021662239717764715
-0.0012792688529007796,0.002409080398525969
-0.0012310872449302602,0.002640843365120865
-0.0011782703776278428,0.002860652380455708
-0.0011210573300187287,0.0030676999321767196
-0.0010597033313751942,0.0032612343988586982
-0.0009944786433980202,0.00344056272114515
-0.0009256673889751172,0.0036050528226133026
-0.0008535663325228512,0.003754135772182193
-0.0007784836170792073,0.0038873076809649416
-0.0007007374634599085,0.004004131327571134
-0.0006206548369084858,0.004104237506987404
-0.0005385700867687377,0.004187326099299227
-0.0004548235647827532,0.004253166855659982
-0.0003697602276695536,0.004301599900059933
-0.0002837282296683549,0.004332535946593245
-0.00019707751073648998,0.0043459562330609835
-0.0001101583860752703,0.004341912172877671
-2.332014261771687e-05,0.004320524728363948
6.30903519495621e-05,0.004281983509603852
0.00014873002214163913,0.004226545604117901
0.00023326093422399715,0.004154534143648394
0.00031635161709696503,0.004066336615367111
0.00039767834940430724,0.003962402925794047
0.0004769264079201882,0.003843243226655245
0.0005537912724532931,0.0037094255128046548
0.0006279797827093862,0.0035615730031859495
0.0006992112427731052,0.0034003613166122128
0.0007672184691053495,0.0032265154548914697
0.0008317487782031789,0.003040806606521485
0.0008925649103336086,0.0028440487848156344
0.0009494458860299213,0.0026370953149007564
0.0010021877923279364,0.0024208351845457646
0.0010506044960188518,0.0021961892742347194
0.0010945282815035462,0.001964106482288602
0.0011338104111493182,0.0017255597611650067
0.0011683216063726183,0.0014815420813234928
0.001197952447999088,0.0012330623392357342
0.0012226136947838028,0.000981141226243559
0.0012422365193086738,0.0007268070750243629
0.001256772660809161,0.0004710917004123845
0.0012661944948174088,0.0002150262512464284
0.0012704950198423374,-4.036291022951774e-05
0.001269687761637747,-0.0002940582850956901
0.0012638065959358331,-0.0005450552545722827
0.0012529054908443874,-0.0007923660212137266
0.0012370581704201128,-0.0010350234591704668
0.0012163577012367034,-0.0012720848586627847
0.0011909160040634477,-0.0015026355503234975
0.0011608632930569778,-0.001725792395632952
0.0011263474451443187,-0.001940707130288018
0.0010875333025385583,-0.0021465695480140014
0.0010446019115782784,-0.002342610513041573
0.0009977497013174469,-0.002528104790226813
0.0009471876055129106,-0.0027023736825880344
0.0008931401318611499,-0.0028647874668647363
